timestamp,OilLevel_cm
2025-01-01 00:07:52,11.17667536901763
2025-01-01 00:19:28,10.819814340745202
2025-01-01 00:31:25,10.571485814915
2025-01-01 00:45:37,11.193770614961467
2025-01-01 00:57:46,11.707875433329352
2025-01-01 01:19:11,13.384845915303632
2025-01-01 01:33:10,12.94506086200028
2025-01-01 01:44:22,14.296156886575837
2025-01-01 02:05:03,13.81760664161018
2025-01-01 02:15:31,12.45754490388004
2025-01-01 02:24:57,13.078597307023417
2025-01-01 02:38:10,12.7335292509942
2025-01-01 02:53:52,11.579028674698034
2025-01-01 03:05:05,11.08526371659537
2025-01-01 03:18:06,11.102455436895475
2025-01-01 03:40:07,8.36021469067447
2025-01-01 03:47:33,9.24557969339126
2025-01-01 04:00:04,9.077618305684354
2025-01-01 04:15:27,7.278485606383516
2025-01-01 04:25:04,7.420658531624207
2025-01-01 04:37:08,7.823415930638902
2025-01-01 04:46:30,
2025-01-01 04:51:41,7.529271436527257
2025-01-01 04:51:56,6.853082730472439
2025-01-01 04:52:11,6.757368302422182
2025-01-01 04:52:26,6.661006253346859
2025-01-01 04:52:41,6.463821307126167
2025-01-01 04:52:56,7.022293807761375
2025-01-01 04:53:11,7.075641408544916
2025-01-01 04:53:26,6.852755293318305
2025-01-01 04:53:41,6.338977989463719
2025-01-01 04:53:56,7.278213357737576
2025-01-01 04:54:11,7.099964078400783
2025-01-01 04:54:26,6.620714287151992
2025-01-01 04:54:41,6.751038529495912
2025-01-01 04:54:56,7.352614861660704
2025-01-01 04:55:11,7.409027894883001
2025-01-01 04:55:27,5.877872730494235
2025-01-01 04:55:42,7.394353072027938
2025-01-01 04:55:57,6.716515139235324
2025-01-01 04:56:13,6.12686665417263
2025-01-01 04:56:28,6.339929219122492
2025-01-01 04:56:43,6.015548767019491
2025-01-01 04:56:58,6.655554149223025
2025-01-01 04:57:13,6.576193678750434
2025-01-01 04:57:28,7.531428570476788
2025-01-01 04:57:44,6.8461123020147445
2025-01-01 04:57:59,6.520825848891357
2025-01-01 04:58:14,6.700037908508796
2025-01-01 04:58:29,6.483274572223324
2025-01-01 04:58:44,7.058764866717014
2025-01-01 04:58:59,7.150382162192271
2025-01-01 04:59:14,6.657928063952251
2025-01-01 04:59:29,7.036142958403984
2025-01-01 04:59:44,
2025-01-01 04:59:59,6.348823868305443
2025-01-01 05:00:14,6.684500408352003
2025-01-01 05:00:30,6.57313104235082
2025-01-01 05:00:45,7.996350262791417
2025-01-01 05:01:00,5.78615431931197
2025-01-01 05:01:15,6.613717222918855
2025-01-01 05:01:30,6.509173533432438
2025-01-01 05:01:45,6.379046097418034
2025-01-01 05:02:00,7.675017254605833
2025-01-01 05:02:15,7.353776454647637
2025-01-01 05:02:31,5.370454373641118
2025-01-01 05:02:46,6.437538012288713
2025-01-01 05:03:01,7.622250757164861
2025-01-01 05:03:16,7.27366663945733
2025-01-01 05:03:32,7.074478319238748
2025-01-01 05:03:47,6.080688259418627
2025-01-01 05:04:02,6.206102939909097
2025-01-01 05:04:17,5.346201906996682
2025-01-01 05:04:32,6.148142900777339
2025-01-01 05:04:47,6.936522662235681
2025-01-01 05:05:02,7.049810461327271
2025-01-01 05:05:17,6.99457291815609
2025-01-01 05:05:32,6.387382266918129
2025-01-01 05:05:47,6.076045506223727
2025-01-01 05:06:02,5.871411013417342
2025-01-01 05:06:17,6.042825791348935
2025-01-01 05:06:32,6.559940315857402
2025-01-01 05:06:47,
2025-01-01 05:07:02,6.821770494091205
2025-01-01 05:07:17,6.448311610637816
2025-01-01 05:07:33,7.143339051601757
2025-01-01 05:07:48,6.758481726775831
2025-01-01 05:08:03,5.893595507837123
2025-01-01 05:08:18,7.179322664252111
2025-01-01 05:08:33,7.062712589742425
2025-01-01 05:08:48,5.535682903691599
2025-01-01 05:09:05,6.8392799090470175
2025-01-01 05:09:21,6.187947405164094
2025-01-01 05:09:36,5.733889284529292
2025-01-01 05:09:51,6.353914836169817
2025-01-01 05:10:07,
2025-01-01 05:10:22,6.17380899967914
2025-01-01 05:10:38,7.592265897914642
2025-01-01 05:10:53,
2025-01-01 05:11:08,6.298125664088093
2025-01-01 05:11:23,6.520971351641167
2025-01-01 05:11:38,7.543849138783814
2025-01-01 05:11:53,7.056458689452897
2025-01-01 05:12:08,6.252107161803944
2025-01-01 05:12:23,5.915180265217363
2025-01-01 05:12:38,5.685433293916577
2025-01-01 05:12:53,7.195305125931225
2025-01-01 05:13:08,6.1507238790383925
2025-01-01 05:13:23,7.408953284695662
2025-01-01 05:13:38,5.760909887094579
2025-01-01 05:13:53,7.094522623818995
2025-01-01 05:14:08,
2025-01-01 05:14:23,6.8735682911906215
2025-01-01 05:14:38,6.162807134726436
2025-01-01 05:14:53,6.03744762688311
2025-01-01 05:15:08,6.53633853254096
2025-01-01 05:15:23,6.987534759244347
2025-01-01 05:15:38,7.079552056769614
2025-01-01 05:15:53,6.401900929589648
2025-01-01 05:16:08,6.830677923297624
2025-01-01 05:16:23,6.6104715259773
2025-01-01 05:16:38,6.227103231360737
2025-01-01 05:16:53,6.709839079409409
2025-01-01 05:17:09,6.310780341198684
2025-01-01 05:17:24,5.373761516422534
2025-01-01 05:17:39,7.4937929992460335
2025-01-01 05:17:54,6.727302987409793
2025-01-01 05:18:09,
2025-01-01 05:18:24,6.812349200842737
2025-01-01 05:18:39,7.620981672390728
2025-01-01 05:18:54,5.9598398490007085
2025-01-01 05:19:09,7.243194521852653
2025-01-01 05:19:24,6.295620113204861
2025-01-01 05:19:39,6.713519591796698
2025-01-01 05:19:54,6.540734209536498
2025-01-01 05:20:09,6.051733637364821
2025-01-01 05:20:24,6.876321651012203
2025-01-01 05:20:39,5.762104349552672
2025-01-01 05:20:54,6.945875972910663
2025-01-01 05:21:11,7.210923524481754
2025-01-01 05:21:26,6.876004560031044
2025-01-01 05:21:41,6.828996904332213
2025-01-01 05:21:56,6.48654547255497
2025-01-01 05:22:11,6.26313026060665
2025-01-01 05:22:26,6.259654509255652
2025-01-01 05:22:41,6.323484360976816
2025-01-01 05:22:56,6.754474380825204
2025-01-01 05:23:11,5.813773027659763
2025-01-01 05:23:27,6.38079353715854
2025-01-01 05:23:42,5.801293588018167
2025-01-01 05:23:57,5.156973846608514
2025-01-01 05:24:12,7.233092348822758
2025-01-01 05:24:27,5.899720253539206
2025-01-01 05:24:42,6.386870545660257
2025-01-01 05:24:57,6.670532184839116
2025-01-01 05:25:12,6.760947910825653
2025-01-01 05:25:28,6.451669724916781
2025-01-01 05:25:43,6.160946152578207
2025-01-01 05:25:58,6.255866385781322
2025-01-01 05:26:13,6.112774511781742
2025-01-01 05:26:28,
2025-01-01 05:26:43,6.806057343721606
2025-01-01 05:26:58,6.751029586261685
2025-01-01 05:27:13,6.62086738003717
2025-01-01 05:27:29,6.103310446558065
2025-01-01 05:27:44,6.373496760157404
2025-01-01 05:27:59,7.29135346248815
2025-01-01 05:28:15,7.195846955415711
2025-01-01 05:28:30,7.2331730594667585
2025-01-01 05:28:45,7.002386393163524
2025-01-01 05:29:00,6.547063215597475
2025-01-01 05:29:15,6.720385884573759
2025-01-01 05:29:30,6.767917817416104
2025-01-01 05:29:45,6.715294583688255
2025-01-01 05:30:00,7.470480518544799
2025-01-01 05:30:15,6.0092604355690655
2025-01-01 05:30:30,6.457593829515044
2025-01-01 05:30:45,7.43170920565053
2025-01-01 05:31:00,6.921712308929241
2025-01-01 05:31:15,
2025-01-01 05:31:31,6.191708680706423
2025-01-01 05:31:46,7.077446982197022
2025-01-01 05:32:01,6.905385342855591
2025-01-01 05:32:16,
2025-01-01 05:32:31,6.159015844389306
2025-01-01 05:32:46,6.012881028000795
2025-01-01 05:33:02,6.762491847243073
2025-01-01 05:33:17,7.076638278148056
2025-01-01 05:33:32,5.77928988732783
2025-01-01 05:33:47,6.130019876064052
2025-01-01 05:34:02,7.346060965646737
2025-01-01 05:34:17,6.033798765742408
2025-01-01 05:34:32,6.535068313133062
2025-01-01 05:34:48,6.795409198366687
2025-01-01 05:35:03,6.333594441942663
2025-01-01 05:35:18,6.396902028838145
2025-01-01 05:35:33,7.304274820142066
2025-01-01 05:35:48,6.9214913719159465
2025-01-01 05:36:03,7.481022946220379
2025-01-01 05:36:18,7.020934481141177
2025-01-01 05:36:34,6.971176175685476
2025-01-01 05:36:49,6.535301071960789
2025-01-01 05:37:04,7.315240097559453
2025-01-01 05:37:19,6.283940811814319
2025-01-01 05:37:34,5.379911511014188
2025-01-01 05:37:49,6.532470945468549
2025-01-01 05:38:04,
2025-01-01 05:38:19,5.6267531473516
2025-01-01 05:38:35,7.4954908276329055
2025-01-01 05:38:50,7.034651136032696
2025-01-01 05:39:05,6.26003534928874
2025-01-01 05:39:20,5.94838840062458
2025-01-01 05:39:35,
2025-01-01 05:39:50,6.35614234608206
2025-01-01 05:40:05,6.363126910359705
2025-01-01 05:40:20,8.253943325563489
2025-01-01 05:40:35,7.477317591365045
2025-01-01 05:40:50,6.731190158359237
2025-01-01 05:41:06,7.292437285879236
2025-01-01 05:41:21,5.746392730093542
2025-01-01 05:41:36,5.924551717838627
2025-01-01 05:41:51,5.5112642111992765
2025-01-01 05:42:06,6.684415163560519
2025-01-01 05:42:21,6.727313460224428
2025-01-01 05:42:37,6.58098295238139
2025-01-01 05:42:52,
2025-01-01 05:43:07,7.894995800911251
2025-01-01 05:43:22,7.047354527960883
2025-01-01 05:43:37,5.985161686535282
2025-01-01 05:43:52,6.294600881240434
2025-01-01 05:44:07,6.863898193998767
2025-01-01 05:44:23,6.985418126029124
2025-01-01 05:44:38,6.980361801510184
2025-01-01 05:44:54,7.365775151050187
2025-01-01 05:45:09,7.823258938800357
2025-01-01 05:45:24,6.243399751895517
2025-01-01 05:45:39,6.4850053298198285
2025-01-01 05:45:54,6.344497128120883
2025-01-01 05:46:10,6.77539701218279
2025-01-01 05:46:25,7.172200804200755
2025-01-01 05:46:40,7.04114297774497
2025-01-01 05:46:55,5.687204025610112
2025-01-01 05:47:10,5.850089679546016
2025-01-01 05:47:25,6.916692575563975
2025-01-01 05:47:40,6.502641719177057
2025-01-01 05:47:55,7.714032118089156
2025-01-01 05:48:10,7.045133389044535
2025-01-01 05:48:25,8.405111518131005
2025-01-01 05:48:40,7.059624412308759
2025-01-01 05:48:55,7.542633670784403
2025-01-01 05:49:10,7.307941618475369
2025-01-01 05:49:25,6.177711971562651
2025-01-01 05:49:40,5.809738727233836
2025-01-01 05:49:55,
2025-01-01 05:50:10,7.524919581511384
2025-01-01 05:50:25,6.133031217004283
2025-01-01 05:50:40,6.220748679042005
2025-01-01 05:50:55,7.016057774461005
2025-01-01 05:51:11,7.412588083219211
2025-01-01 05:51:26,6.876393586868486
2025-01-01 05:51:41,6.929033743329012
2025-01-01 05:51:56,7.013858064109159
2025-01-01 05:52:11,8.331852495189075
2025-01-01 05:52:26,8.00162807414978
2025-01-01 05:52:41,6.614052981595233
2025-01-01 05:52:56,7.119874022275781
2025-01-01 05:53:11,7.651838838965142
2025-01-01 05:53:26,
2025-01-01 05:53:41,7.406000079674467
2025-01-01 05:53:56,8.296967566049382
2025-01-01 05:54:12,6.192056358061755
2025-01-01 05:54:27,6.457717791384116
2025-01-01 05:54:42,7.137116958864247
2025-01-01 05:54:57,6.833919202570721
2025-01-01 05:55:12,7.23423399439902
2025-01-01 05:55:27,6.433755292242905
2025-01-01 05:55:43,8.686446758363108
2025-01-01 05:55:58,7.365088084451822
2025-01-01 05:56:13,7.9995060001014116
2025-01-01 05:56:28,5.728198995283796
2025-01-01 05:56:43,7.283518532700273
2025-01-01 05:56:58,8.003658150638914
2025-01-01 05:57:13,7.436142434832129
2025-01-01 05:57:28,6.487292158994116
2025-01-01 05:57:43,6.462039427758467
2025-01-01 05:57:58,6.779892755050412
2025-01-01 05:58:13,7.811109555616722
2025-01-01 05:58:28,8.195284617836485
2025-01-01 05:58:43,6.307996440205604
2025-01-01 05:58:59,8.502733096021847
2025-01-01 05:59:16,6.663435687025736
2025-01-01 05:59:31,8.854347156997036
2025-01-01 05:59:46,7.563754263533583
2025-01-01 06:00:01,7.21533766286224
2025-01-01 06:00:17,7.466561680185634
2025-01-01 06:00:32,6.735277075992267
2025-01-01 06:00:47,7.298250205473473
2025-01-01 06:01:02,7.072439956533668
2025-01-01 06:01:18,6.876609888753681
2025-01-01 06:01:33,8.464117529546833
2025-01-01 06:01:48,6.44653125301307
2025-01-01 06:02:03,6.54721647415031
2025-01-01 06:02:18,7.115486902836162
2025-01-01 06:02:33,8.358337677418623
2025-01-01 06:02:48,7.580599177028375
2025-01-01 06:03:03,7.687953732693955
2025-01-01 06:03:18,7.027774593987273
2025-01-01 06:03:33,6.893015506140588
2025-01-01 06:03:48,7.207795898893809
2025-01-01 06:04:05,6.3806893579564745
2025-01-01 06:04:21,7.670263403729385
2025-01-01 06:04:36,6.30348738297499
2025-01-01 06:04:51,7.596337607086125
2025-01-01 06:05:06,8.169289399403773
2025-01-01 06:05:21,5.43364344474888
2025-01-01 06:05:36,8.530362198808495
2025-01-01 06:05:51,7.1292604171258045
2025-01-01 06:06:06,7.284442582119479
2025-01-01 06:06:21,7.0467409036425845
2025-01-01 06:06:36,6.332103653170438
2025-01-01 06:06:51,7.891772897645712
2025-01-01 06:07:06,5.728013765925258
2025-01-01 06:07:21,6.563971446322383
2025-01-01 06:07:36,6.917040783923652
2025-01-01 06:07:51,
2025-01-01 06:08:06,7.075802817670859
2025-01-01 06:08:21,7.579999195964793
2025-01-01 06:08:36,6.971625449948062
2025-01-01 06:08:51,7.589203837616862
2025-01-01 06:09:06,8.163652589236449
2025-01-01 06:09:21,7.945459448039519
2025-01-01 06:09:36,8.036531292880868
2025-01-01 06:09:51,8.126353494136943
2025-01-01 06:10:06,7.142798351866606
2025-01-01 06:10:21,6.382551137793703
2025-01-01 06:10:36,6.636977574346852
2025-01-01 06:10:52,
2025-01-01 06:11:07,7.0021240635990605
2025-01-01 06:11:23,7.848888586735382
2025-01-01 06:11:38,7.476565823681124
2025-01-01 06:11:53,7.843712086061708
2025-01-01 06:12:08,8.453582615043523
2025-01-01 06:12:23,
2025-01-01 06:12:38,5.684513632247803
2025-01-01 06:12:53,7.4837834994603165
2025-01-01 06:13:08,8.042308847206598
2025-01-01 06:13:23,7.562997513659362
2025-01-01 06:13:38,7.734260947220727
2025-01-01 06:13:53,7.51125624631061
2025-01-01 06:14:08,7.74404684273524
2025-01-01 06:14:24,
2025-01-01 06:14:39,8.456400235432907
2025-01-01 06:14:55,7.973953347095128
2025-01-01 06:15:10,7.245580839719059
2025-01-01 06:15:25,7.236477339914185
2025-01-01 06:15:40,8.3525247836989
2025-01-01 06:15:55,7.60724644396853
2025-01-01 06:16:10,8.172115087351637
2025-01-01 06:16:25,7.763186917757795
2025-01-01 06:16:40,7.434293481583222
2025-01-01 06:16:56,7.85680980402155
2025-01-01 06:17:11,7.692896534708671
2025-01-01 06:17:27,7.733818657756562
2025-01-01 06:17:42,7.922955890919901
2025-01-01 06:17:57,6.695538547170855
2025-01-01 06:18:13,7.06163677240583
2025-01-01 06:18:28,8.547462560363648
2025-01-01 06:18:44,8.820976214787464
2025-01-01 06:18:59,6.96932580544138
2025-01-01 06:19:14,6.979279149651871
2025-01-01 06:19:31,7.689766177583235
2025-01-01 06:19:46,7.921635180380972
2025-01-01 06:20:01,7.645097167621958
2025-01-01 06:20:17,7.345638468261026
2025-01-01 06:20:32,7.981164845569365
2025-01-01 06:20:48,7.44829821758719
2025-01-01 06:21:04,8.065770459093184
2025-01-01 06:21:19,9.2105927190016
2025-01-01 06:21:34,7.655029828008362
2025-01-01 06:21:49,7.752520132181194
2025-01-01 06:22:04,9.083356983749518
2025-01-01 06:22:19,6.70129530957629
2025-01-01 06:22:35,7.955457598226889
2025-01-01 06:22:50,7.967449519068269
2025-01-01 06:23:05,8.044665644066086
2025-01-01 06:23:20,8.093303091441987
2025-01-01 06:23:35,7.110908569407336
2025-01-01 06:23:51,7.584680515030005
2025-01-01 06:24:06,8.839226035306876
2025-01-01 06:24:21,7.131852050692594
2025-01-01 06:24:36,7.598691433247035
2025-01-01 06:24:51,8.309117076574429
2025-01-01 06:25:06,8.196785902283699
2025-01-01 06:25:21,7.732941216685498
2025-01-01 06:25:36,7.944612896389622
2025-01-01 06:25:51,7.575887662209388
2025-01-01 06:26:06,7.867282103799529
2025-01-01 06:26:21,8.646376546872743
2025-01-01 06:26:36,6.633338692412005
2025-01-01 06:26:51,8.986280238474492
2025-01-01 06:27:06,8.24026214916185
2025-01-01 06:27:22,7.781878986028055
2025-01-01 06:27:37,8.849305536147046
2025-01-01 06:27:52,7.297238763269514
2025-01-01 06:28:07,7.776857345054541
2025-01-01 06:28:22,7.464384136097391
2025-01-01 06:28:37,7.5711025146781505
2025-01-01 06:28:52,8.175201119458183
2025-01-01 06:29:07,8.724947097920113
2025-01-01 06:29:22,9.582234757700922
2025-01-01 06:29:37,7.494399390992107
2025-01-01 06:29:53,8.733404659634033
2025-01-01 06:30:08,9.7814186947262
2025-01-01 06:30:23,8.227245596913567
2025-01-01 06:30:38,8.255582329352569
2025-01-01 06:30:53,8.386243458712686
2025-01-01 06:31:08,8.657518455193118
2025-01-01 06:31:23,9.156907791570296
2025-01-01 06:31:39,8.193122007805792
2025-01-01 06:31:55,8.279944606508108
2025-01-01 06:32:10,7.873008164414998
2025-01-01 06:32:25,9.888540754908666
2025-01-01 06:32:41,8.739573580597387
2025-01-01 06:32:56,
2025-01-01 06:33:11,8.027136956329148
2025-01-01 06:33:27,9.695704952612468
2025-01-01 06:33:42,8.230787237050341
2025-01-01 06:33:57,7.656640054127887
2025-01-01 06:34:13,8.354679889595966
2025-01-01 06:34:28,8.544248688489262
2025-01-01 06:34:43,9.63886539731426
2025-01-01 06:34:58,8.049878254367728
2025-01-01 06:35:13,8.097757112153749
2025-01-01 06:35:28,8.21463442198758
2025-01-01 06:35:43,7.778609426944729
2025-01-01 06:35:58,8.974661073043317
2025-01-01 06:36:13,7.306315398884895
2025-01-01 06:36:28,7.643854483907579
2025-01-01 06:36:43,
2025-01-01 06:36:58,9.651195063858845
2025-01-01 06:37:14,9.564210947208492
2025-01-01 06:37:30,8.940969034674902
2025-01-01 06:37:45,8.341283324808606
2025-01-01 06:38:00,7.908119055168968
2025-01-01 06:38:15,9.789390136957705
2025-01-01 06:38:30,8.939190082961284
2025-01-01 06:38:45,9.150159439796502
2025-01-01 06:39:00,8.679628312047718
2025-01-01 06:39:15,8.466691313086782
2025-01-01 06:39:30,8.577162905763569
2025-01-01 06:39:45,8.753776392458793
2025-01-01 06:40:01,9.574472287339209
2025-01-01 06:40:16,9.118288855239904
2025-01-01 06:40:31,9.125023306542762
2025-01-01 06:40:46,8.95196539754358
2025-01-01 06:41:01,9.6809141335149
2025-01-01 06:41:16,7.987475696535489
2025-01-01 06:41:31,9.584362905598883
2025-01-01 06:41:46,8.607955218555087
2025-01-01 06:42:01,9.035434772335126
2025-01-01 06:42:16,8.870890960257254
2025-01-01 06:42:31,9.319868499422272
2025-01-01 06:42:46,8.213286185993267
2025-01-01 06:43:01,8.511486863105155
2025-01-01 06:43:16,9.651270943417408
2025-01-01 06:43:31,
2025-01-01 06:43:46,7.650897854933767
2025-01-01 06:44:01,9.351417963468045
2025-01-01 06:44:16,9.78748809860252
2025-01-01 06:44:31,9.525880430935745
2025-01-01 06:44:46,9.594198673155004
2025-01-01 06:45:01,9.718516476178696
2025-01-01 06:45:17,8.888537240130876
2025-01-01 06:45:33,8.911317756166104
2025-01-01 06:45:48,
2025-01-01 06:46:03,8.385012460297588
2025-01-01 06:46:18,9.047758942629695
2025-01-01 06:46:34,9.417148298743404
2025-01-01 06:46:49,9.89124129023622
2025-01-01 06:47:05,
2025-01-01 06:47:20,8.752260318731556
2025-01-01 06:47:35,8.063036579102596
2025-01-01 06:47:50,9.2465231043837
2025-01-01 06:48:05,8.26559168244247
2025-01-01 06:48:20,10.31564560962387
2025-01-01 06:48:35,9.626326312529516
2025-01-01 06:48:50,9.005909216720596
2025-01-01 06:49:05,9.155294628847546
2025-01-01 06:49:20,9.674463590260295
2025-01-01 06:49:35,9.664591102979896
2025-01-01 06:49:50,9.239335944410769
2025-01-01 06:50:05,9.250970102495405
2025-01-01 06:50:20,9.488707656449623
2025-01-01 06:50:35,9.921974024792709
2025-01-01 06:50:50,8.54198100193014
2025-01-01 06:51:05,9.961461208473027
2025-01-01 06:51:20,9.147670887100274
2025-01-01 06:51:35,8.976860982298728
2025-01-01 06:51:50,9.606853766724235
2025-01-01 06:52:05,9.12479247019129
2025-01-01 06:52:20,8.297617066099921
2025-01-01 06:52:35,8.481683869330707
2025-01-01 06:52:50,10.364462286565908
2025-01-01 06:53:05,9.43809423623837
2025-01-01 06:53:20,9.654616626336676
2025-01-01 06:53:35,9.279363412332124
2025-01-01 06:53:50,8.395350164203824
2025-01-01 06:54:05,9.571595630905689
2025-01-01 06:54:20,9.551823948757688
2025-01-01 06:54:35,9.944141794120762
2025-01-01 06:54:50,7.919306763624716
2025-01-01 06:55:06,9.349801394747576
2025-01-01 06:55:21,9.608645264260366
2025-01-01 06:55:36,10.327890000595922
2025-01-01 06:55:51,9.637207240175206
2025-01-01 06:56:06,10.291771011929074
2025-01-01 06:56:21,8.510977535979016
2025-01-01 06:56:36,8.732987209522681
2025-01-01 06:56:51,10.170512118542597
2025-01-01 06:57:07,9.17306152839739
2025-01-01 06:57:23,9.816845975654342
2025-01-01 06:57:38,9.564221847717196
2025-01-01 06:57:53,9.978500621115908
2025-01-01 06:58:09,9.620988012405864
2025-01-01 06:58:24,9.975543985136635
2025-01-01 06:58:39,9.167311425792496
2025-01-01 06:58:54,
2025-01-01 06:59:09,9.257181199536909
2025-01-01 06:59:24,9.641166850712205
2025-01-01 06:59:39,9.775065795166144
2025-01-01 06:59:54,9.626515361319369
2025-01-01 07:00:10,10.263177874779824
2025-01-01 07:00:25,9.440501346431711
2025-01-01 07:00:40,9.997426298977828
2025-01-01 07:00:56,
2025-01-01 07:01:11,9.006081995313538
2025-01-01 07:01:26,9.375532859278062
2025-01-01 07:01:41,9.933606189116269
2025-01-01 07:01:56,
2025-01-01 07:02:12,9.289301843275547
2025-01-01 07:02:28,9.774712187528335
2025-01-01 07:02:43,9.34744275454261
2025-01-01 07:02:58,10.348718036329975
2025-01-01 07:03:13,10.232942707384584
2025-01-01 07:03:28,10.513350285595672
2025-01-01 07:03:43,8.900984821808027
2025-01-01 07:03:58,10.378692587391752
2025-01-01 07:04:13,9.988153610189595
2025-01-01 07:04:29,10.914276498704316
2025-01-01 07:04:44,10.20900195106537
2025-01-01 07:04:59,10.015689052222951
2025-01-01 07:05:14,9.32803101574271
2025-01-01 07:05:29,9.797966240101209
2025-01-01 07:05:44,10.444651041822414
2025-01-01 07:05:59,10.359242814501007
2025-01-01 07:06:15,11.091058322793854
2025-01-01 07:06:31,10.94759166917182
2025-01-01 07:06:46,10.190518622451386
2025-01-01 07:07:01,10.96778302326303
2025-01-01 07:07:16,9.298236725533656
2025-01-01 07:07:32,9.596757106599512
2025-01-01 07:07:47,9.74190409549548
2025-01-01 07:08:02,10.025624312036609
2025-01-01 07:08:17,10.771569366058523
2025-01-01 07:08:32,10.771569366058523
2025-01-01 07:08:47,10.771569366058523
2025-01-01 07:09:03,10.771569366058523
2025-01-01 07:09:18,10.771569366058523
2025-01-01 07:09:34,10.771569366058523
2025-01-01 07:09:49,10.771569366058523
2025-01-01 07:10:04,10.771569366058523
2025-01-01 07:10:19,10.771569366058523
2025-01-01 07:10:34,10.771569366058523
2025-01-01 07:10:49,10.771569366058523
2025-01-01 07:11:04,10.771569366058523
2025-01-01 07:11:19,10.771569366058523
2025-01-01 07:11:35,10.771569366058523
2025-01-01 07:11:50,
2025-01-01 07:12:05,10.771569366058523
2025-01-01 07:12:20,10.771569366058523
2025-01-01 07:12:35,10.771569366058523
2025-01-01 07:12:51,10.771569366058523
2025-01-01 07:13:07,10.771569366058523
2025-01-01 07:13:22,10.771569366058523
2025-01-01 07:13:37,10.771569366058523
2025-01-01 07:13:52,10.771569366058523
2025-01-01 07:14:07,10.771569366058523
2025-01-01 07:14:22,10.771569366058523
2025-01-01 07:14:37,10.771569366058523
2025-01-01 07:14:52,10.771569366058523
2025-01-01 07:15:07,10.771569366058523
2025-01-01 07:15:22,10.771569366058523
2025-01-01 07:15:38,9.838589083339269
2025-01-01 07:15:54,9.838589083339269
2025-01-01 07:16:10,9.838589083339269
2025-01-01 07:16:25,9.838589083339269
2025-01-01 07:16:40,9.838589083339269
2025-01-01 07:16:55,9.838589083339269
2025-01-01 07:17:10,9.838589083339269
2025-01-01 07:17:25,
2025-01-01 07:17:40,9.838589083339269
2025-01-01 07:17:55,9.838589083339269
2025-01-01 07:18:10,9.838589083339269
2025-01-01 07:18:25,9.838589083339269
2025-01-01 07:18:40,9.838589083339269
2025-01-01 07:18:55,
2025-01-01 07:19:11,9.838589083339269
2025-01-01 07:19:26,9.838589083339269
2025-01-01 07:19:41,9.838589083339269
2025-01-01 07:19:57,9.838589083339269
2025-01-01 07:20:12,9.838589083339269
2025-01-01 07:20:28,9.838589083339269
2025-01-01 07:20:43,9.838589083339269
2025-01-01 07:20:59,9.838589083339269
2025-01-01 07:21:14,9.838589083339269
2025-01-01 07:21:29,9.838589083339269
2025-01-01 07:21:44,9.838589083339269
2025-01-01 07:21:59,9.838589083339269
2025-01-01 07:22:14,9.838589083339269
2025-01-01 07:22:29,9.838589083339269
2025-01-01 07:22:44,9.838589083339269
2025-01-01 07:22:59,9.838589083339269
2025-01-01 07:23:14,
2025-01-01 07:23:29,9.838589083339269
2025-01-01 07:23:44,9.838589083339269
2025-01-01 07:23:59,9.838589083339269
2025-01-01 07:24:14,9.838589083339269
2025-01-01 07:24:29,9.838589083339269
2025-01-01 07:24:44,9.838589083339269
2025-01-01 07:24:59,9.838589083339269
2025-01-01 07:25:14,9.838589083339269
2025-01-01 07:25:29,9.838589083339269
2025-01-01 07:25:44,9.838589083339269
2025-01-01 07:25:59,9.838589083339269
2025-01-01 07:26:14,
2025-01-01 07:26:30,9.838589083339269
2025-01-01 07:26:45,9.838589083339269
2025-01-01 07:27:01,9.838589083339269
2025-01-01 07:27:16,9.838589083339269
2025-01-01 07:27:31,9.838589083339269
2025-01-01 07:27:46,9.838589083339269
2025-01-01 07:28:01,9.838589083339269
2025-01-01 07:28:16,9.838589083339269
2025-01-01 07:28:31,9.838589083339269
2025-01-01 07:28:46,9.838589083339269
2025-01-01 07:29:02,9.838589083339269
2025-01-01 07:29:17,9.838589083339269
2025-01-01 07:29:32,
2025-01-01 07:29:47,9.838589083339269
2025-01-01 07:30:02,9.838589083339269
2025-01-01 07:30:17,9.838589083339269
2025-01-01 07:30:32,9.838589083339269
2025-01-01 07:30:48,9.838589083339269
2025-01-01 07:31:04,9.838589083339269
2025-01-01 07:31:20,9.838589083339269
2025-01-01 07:31:36,9.838589083339269
2025-01-01 07:31:51,9.838589083339269
2025-01-01 07:32:06,9.838589083339269
2025-01-01 07:32:21,9.838589083339269
2025-01-01 07:32:36,9.838589083339269
2025-01-01 07:32:51,9.838589083339269
2025-01-01 07:33:06,9.838589083339269
2025-01-01 07:33:21,9.838589083339269
2025-01-01 07:33:37,9.838589083339269
2025-01-01 07:33:52,9.838589083339269
2025-01-01 07:34:07,9.838589083339269
2025-01-01 07:34:22,9.838589083339269
2025-01-01 07:34:37,9.838589083339269
2025-01-01 07:34:53,9.838589083339269
2025-01-01 07:35:08,9.838589083339269
2025-01-01 07:35:23,9.838589083339269
2025-01-01 07:35:38,9.838589083339269
2025-01-01 07:35:53,
2025-01-01 07:36:08,9.838589083339269
2025-01-01 07:36:23,9.838589083339269
2025-01-01 07:36:38,9.838589083339269
2025-01-01 07:36:53,9.838589083339269
2025-01-01 07:37:08,9.838589083339269
2025-01-01 07:37:23,9.838589083339269
2025-01-01 07:37:39,9.838589083339269
2025-01-01 07:37:54,9.838589083339269
2025-01-01 07:38:09,9.838589083339269
2025-01-01 07:38:24,9.838589083339269
2025-01-01 07:38:39,9.838589083339269
2025-01-01 07:38:54,9.838589083339269
2025-01-01 07:39:09,9.838589083339269
2025-01-01 07:39:24,9.838589083339269
2025-01-01 07:39:39,9.838589083339269
2025-01-01 07:39:55,9.838589083339269
2025-01-01 07:40:10,9.838589083339269
2025-01-01 07:40:25,9.838589083339269
2025-01-01 07:40:40,9.838589083339269
2025-01-01 07:40:55,9.838589083339269
2025-01-01 07:41:10,9.838589083339269
2025-01-01 07:41:25,9.838589083339269
2025-01-01 07:41:40,9.838589083339269
2025-01-01 07:41:55,9.838589083339269
2025-01-01 07:42:10,9.838589083339269
2025-01-01 07:42:26,9.838589083339269
2025-01-01 07:42:41,9.838589083339269
2025-01-01 07:42:57,9.838589083339269
2025-01-01 07:43:12,9.838589083339269
2025-01-01 07:43:27,9.838589083339269
2025-01-01 07:43:42,9.838589083339269
2025-01-01 07:43:57,9.838589083339269
2025-01-01 07:44:12,9.838589083339269
2025-01-01 07:44:27,9.838589083339269
2025-01-01 07:44:42,9.838589083339269
2025-01-01 07:44:57,9.838589083339269
2025-01-01 07:45:12,9.838589083339269
2025-01-01 07:45:27,9.838589083339269
2025-01-01 07:45:42,9.838589083339269
2025-01-01 07:45:58,9.838589083339269
2025-01-01 07:46:14,9.838589083339269
2025-01-01 07:46:29,9.838589083339269
2025-01-01 07:46:45,9.838589083339269
2025-01-01 07:47:00,9.838589083339269
2025-01-01 07:47:15,9.838589083339269
2025-01-01 07:47:30,
2025-01-01 07:47:46,9.838589083339269
2025-01-01 07:48:01,9.838589083339269
2025-01-01 07:48:16,9.838589083339269
2025-01-01 07:48:31,9.838589083339269
2025-01-01 07:48:46,9.838589083339269
2025-01-01 07:49:02,9.838589083339269
2025-01-01 07:49:17,9.838589083339269
2025-01-01 07:49:32,9.838589083339269
2025-01-01 07:49:47,9.838589083339269
2025-01-01 07:50:02,9.838589083339269
2025-01-01 07:50:17,9.838589083339269
2025-01-01 07:50:32,9.838589083339269
2025-01-01 07:50:47,9.838589083339269
2025-01-01 07:51:03,9.838589083339269
2025-01-01 07:51:18,9.838589083339269
2025-01-01 07:51:33,9.838589083339269
2025-01-01 07:51:48,9.838589083339269
2025-01-01 07:52:03,9.838589083339269
2025-01-01 07:52:18,9.838589083339269
2025-01-01 07:52:33,9.838589083339269
2025-01-01 07:52:48,9.838589083339269
2025-01-01 07:53:03,
2025-01-01 07:53:18,9.838589083339269
2025-01-01 07:53:33,9.838589083339269
2025-01-01 07:53:49,9.838589083339269
2025-01-01 07:54:04,9.838589083339269
2025-01-01 07:54:20,
2025-01-01 07:54:36,9.838589083339269
2025-01-01 07:54:51,9.838589083339269
2025-01-01 07:55:06,9.838589083339269
2025-01-01 07:55:21,9.838589083339269
2025-01-01 07:55:36,9.838589083339269
2025-01-01 07:55:51,9.838589083339269
2025-01-01 07:56:06,9.838589083339269
2025-01-01 07:56:21,9.838589083339269
2025-01-01 07:56:36,9.838589083339269
2025-01-01 07:56:51,9.838589083339269
2025-01-01 07:57:06,9.838589083339269
2025-01-01 07:57:21,9.838589083339269
2025-01-01 07:57:36,9.838589083339269
2025-01-01 07:57:51,9.838589083339269
2025-01-01 07:58:06,9.838589083339269
2025-01-01 07:58:21,9.838589083339269
2025-01-01 07:58:36,9.838589083339269
2025-01-01 07:58:51,9.838589083339269
2025-01-01 07:59:06,9.838589083339269
2025-01-01 07:59:21,9.838589083339269
2025-01-01 07:59:36,9.838589083339269
2025-01-01 07:59:51,9.838589083339269
2025-01-01 08:00:06,9.838589083339269
2025-01-01 08:00:23,9.838589083339269
2025-01-01 08:00:38,9.838589083339269
2025-01-01 08:00:53,9.838589083339269
2025-01-01 08:01:08,9.838589083339269
2025-01-01 08:01:23,9.838589083339269
2025-01-01 08:01:38,9.838589083339269
2025-01-01 08:01:53,9.838589083339269
2025-01-01 08:02:08,9.838589083339269
2025-01-01 08:02:23,9.838589083339269
2025-01-01 08:02:38,9.838589083339269
2025-01-01 08:02:53,9.838589083339269
2025-01-01 08:03:08,
2025-01-01 08:03:23,9.838589083339269
2025-01-01 08:03:38,9.838589083339269
2025-01-01 08:03:53,9.838589083339269
2025-01-01 08:04:09,9.838589083339269
2025-01-01 08:04:24,9.838589083339269
2025-01-01 08:04:39,9.838589083339269
2025-01-01 08:04:56,9.838589083339269
2025-01-01 08:05:11,9.838589083339269
2025-01-01 08:05:28,9.838589083339269
2025-01-01 08:05:43,9.838589083339269
2025-01-01 08:05:58,9.838589083339269
2025-01-01 08:06:13,9.838589083339269
2025-01-01 08:06:28,9.838589083339269
2025-01-01 08:06:45,9.838589083339269
2025-01-01 08:07:00,9.838589083339269
2025-01-01 08:07:16,9.838589083339269
2025-01-01 08:07:31,9.838589083339269
2025-01-01 08:07:47,9.838589083339269
2025-01-01 08:08:02,9.838589083339269
2025-01-01 08:08:17,9.838589083339269
2025-01-01 08:08:32,9.838589083339269
2025-01-01 08:08:47,9.838589083339269
2025-01-01 08:09:02,9.838589083339269
2025-01-01 08:09:17,9.838589083339269
2025-01-01 08:09:32,9.838589083339269
2025-01-01 08:09:47,9.838589083339269
2025-01-01 08:10:02,9.838589083339269
2025-01-01 08:10:17,9.838589083339269
2025-01-01 08:10:32,9.838589083339269
2025-01-01 08:10:47,9.838589083339269
2025-01-01 08:11:02,9.838589083339269
2025-01-01 08:11:17,
2025-01-01 08:11:32,9.838589083339269
2025-01-01 08:11:47,9.838589083339269
2025-01-01 08:12:02,9.838589083339269
2025-01-01 08:12:17,9.838589083339269
2025-01-01 08:12:32,9.838589083339269
2025-01-01 08:12:47,9.838589083339269
2025-01-01 08:13:02,9.838589083339269
2025-01-01 08:13:17,9.838589083339269
2025-01-01 08:13:32,9.838589083339269
2025-01-01 08:13:47,9.838589083339269
2025-01-01 08:14:02,9.838589083339269
2025-01-01 08:14:17,9.838589083339269
2025-01-01 08:14:32,9.838589083339269
2025-01-01 08:14:47,9.838589083339269
2025-01-01 08:15:02,9.838589083339269
2025-01-01 08:15:17,9.838589083339269
2025-01-01 08:15:32,9.838589083339269
2025-01-01 08:15:47,
2025-01-01 08:16:02,9.838589083339269
2025-01-01 08:16:17,9.838589083339269
2025-01-01 08:16:33,9.838589083339269
2025-01-01 08:16:48,9.838589083339269
2025-01-01 08:17:03,9.838589083339269
2025-01-01 08:17:18,9.838589083339269
2025-01-01 08:17:33,9.838589083339269
2025-01-01 08:17:48,9.838589083339269
2025-01-01 08:18:03,9.838589083339269
2025-01-01 08:18:18,9.838589083339269
2025-01-01 08:18:33,9.838589083339269
2025-01-01 08:18:48,9.838589083339269
2025-01-01 08:19:03,9.838589083339269
2025-01-01 08:19:18,9.838589083339269
2025-01-01 08:19:33,9.838589083339269
2025-01-01 08:19:48,9.838589083339269
2025-01-01 08:20:03,9.838589083339269
2025-01-01 08:20:18,9.838589083339269
2025-01-01 08:20:33,9.838589083339269
2025-01-01 08:20:48,9.838589083339269
2025-01-01 08:21:03,9.838589083339269
2025-01-01 08:21:18,9.838589083339269
2025-01-01 08:21:33,9.838589083339269
2025-01-01 08:21:48,9.838589083339269
2025-01-01 08:22:03,9.838589083339269
2025-01-01 08:22:18,9.838589083339269
2025-01-01 08:22:33,9.838589083339269
2025-01-01 08:22:48,9.838589083339269
2025-01-01 08:23:04,9.838589083339269
2025-01-01 08:23:19,9.838589083339269
2025-01-01 08:23:34,9.838589083339269
2025-01-01 08:23:49,9.838589083339269
2025-01-01 08:24:04,9.838589083339269
2025-01-01 08:24:19,
2025-01-01 08:24:34,9.838589083339269
2025-01-01 08:24:49,9.838589083339269
2025-01-01 08:25:05,9.838589083339269
2025-01-01 08:25:20,
2025-01-01 08:25:35,9.838589083339269
2025-01-01 08:25:51,9.838589083339269
2025-01-01 08:26:06,9.838589083339269
2025-01-01 08:26:21,9.838589083339269
2025-01-01 08:26:36,9.838589083339269
2025-01-01 08:26:51,9.838589083339269
2025-01-01 08:27:06,9.838589083339269
2025-01-01 08:27:21,9.838589083339269
2025-01-01 08:27:36,9.838589083339269
2025-01-01 08:27:52,9.838589083339269
2025-01-01 08:28:07,9.838589083339269
2025-01-01 08:28:22,9.838589083339269
2025-01-01 08:28:37,9.838589083339269
2025-01-01 08:28:53,9.838589083339269
2025-01-01 08:29:08,9.838589083339269
2025-01-01 08:29:23,9.838589083339269
2025-01-01 08:29:38,9.838589083339269
2025-01-01 08:29:53,9.838589083339269
2025-01-01 08:30:08,9.838589083339269
2025-01-01 08:30:23,9.838589083339269
2025-01-01 08:30:38,9.838589083339269
2025-01-01 08:30:53,
2025-01-01 08:31:08,9.838589083339269
2025-01-01 08:31:23,9.838589083339269
2025-01-01 08:31:38,9.838589083339269
2025-01-01 08:31:53,9.838589083339269
2025-01-01 08:32:08,9.838589083339269
2025-01-01 08:32:23,9.838589083339269
2025-01-01 08:32:38,9.838589083339269
2025-01-01 08:32:53,9.838589083339269
2025-01-01 08:33:08,9.838589083339269
2025-01-01 08:33:23,9.838589083339269
2025-01-01 08:33:39,9.838589083339269
2025-01-01 08:33:54,9.838589083339269
2025-01-01 08:34:09,9.838589083339269
2025-01-01 08:34:24,9.838589083339269
2025-01-01 08:34:40,9.838589083339269
2025-01-01 08:34:55,9.838589083339269
2025-01-01 08:35:10,9.838589083339269
2025-01-01 08:35:25,9.838589083339269
2025-01-01 08:35:40,9.838589083339269
2025-01-01 08:35:56,9.838589083339269
2025-01-01 08:36:11,9.838589083339269
2025-01-01 08:36:28,9.838589083339269
2025-01-01 08:36:43,9.838589083339269
2025-01-01 08:36:58,9.838589083339269
2025-01-01 08:37:13,9.838589083339269
2025-01-01 08:37:29,9.838589083339269
2025-01-01 08:37:44,9.838589083339269
2025-01-01 08:37:59,9.838589083339269
2025-01-01 08:38:14,9.838589083339269
2025-01-01 08:38:30,9.838589083339269
2025-01-01 08:38:45,9.838589083339269
2025-01-01 08:39:01,9.838589083339269
2025-01-01 08:39:16,9.838589083339269
2025-01-01 08:39:31,9.838589083339269
2025-01-01 08:39:47,9.838589083339269
2025-01-01 08:40:03,9.838589083339269
2025-01-01 08:40:18,9.838589083339269
2025-01-01 08:40:33,9.838589083339269
2025-01-01 08:40:48,9.838589083339269
2025-01-01 08:41:03,9.838589083339269
2025-01-01 08:41:18,9.838589083339269
2025-01-01 08:41:33,9.838589083339269
2025-01-01 08:41:49,9.838589083339269
2025-01-01 08:42:05,9.838589083339269
2025-01-01 08:42:21,9.838589083339269
2025-01-01 08:42:36,9.838589083339269
2025-01-01 08:42:51,9.838589083339269
2025-01-01 08:43:06,9.838589083339269
2025-01-01 08:43:21,9.838589083339269
2025-01-01 08:43:36,
2025-01-01 08:43:51,9.838589083339269
2025-01-01 08:44:06,9.838589083339269
2025-01-01 08:44:21,9.838589083339269
2025-01-01 08:44:36,9.838589083339269
2025-01-01 08:44:51,9.838589083339269
2025-01-01 08:45:06,9.838589083339269
2025-01-01 08:45:22,9.838589083339269
2025-01-01 08:45:37,9.838589083339269
2025-01-01 08:45:52,9.838589083339269
2025-01-01 08:46:07,9.838589083339269
2025-01-01 08:46:22,9.838589083339269
2025-01-01 08:46:37,9.838589083339269
2025-01-01 08:46:53,9.838589083339269
2025-01-01 08:47:08,9.838589083339269
2025-01-01 08:47:23,9.838589083339269
2025-01-01 08:47:38,9.838589083339269
2025-01-01 08:47:53,9.838589083339269
2025-01-01 08:48:08,
2025-01-01 08:48:23,9.838589083339269
2025-01-01 08:48:38,9.838589083339269
2025-01-01 08:48:53,9.838589083339269
2025-01-01 08:49:08,9.838589083339269
2025-01-01 08:49:23,9.838589083339269
2025-01-01 08:49:38,9.838589083339269
2025-01-01 08:49:53,9.838589083339269
2025-01-01 08:50:09,9.838589083339269
2025-01-01 08:50:25,9.838589083339269
2025-01-01 08:50:40,9.838589083339269
2025-01-01 08:50:58,9.838589083339269
2025-01-01 08:51:13,9.838589083339269
2025-01-01 08:51:28,9.838589083339269
2025-01-01 08:51:44,9.838589083339269
2025-01-01 08:51:59,9.838589083339269
2025-01-01 08:52:14,9.838589083339269
2025-01-01 08:52:29,9.838589083339269
2025-01-01 08:52:45,9.838589083339269
2025-01-01 08:53:00,
2025-01-01 08:53:15,9.838589083339269
2025-01-01 08:53:30,9.838589083339269
2025-01-01 08:53:45,9.838589083339269
2025-01-01 08:54:00,9.838589083339269
2025-01-01 08:54:15,9.838589083339269
2025-01-01 08:54:30,9.838589083339269
2025-01-01 08:54:45,9.838589083339269
2025-01-01 08:55:00,9.838589083339269
2025-01-01 08:55:16,9.838589083339269
2025-01-01 08:55:31,9.838589083339269
2025-01-01 08:55:47,9.838589083339269
2025-01-01 08:56:02,9.838589083339269
2025-01-01 08:56:17,9.838589083339269
2025-01-01 08:56:32,9.838589083339269
2025-01-01 08:56:47,
2025-01-01 08:57:02,9.838589083339269
2025-01-01 08:57:17,9.838589083339269
2025-01-01 08:57:32,
2025-01-01 08:57:47,9.838589083339269
2025-01-01 08:58:02,9.838589083339269
2025-01-01 08:58:17,9.838589083339269
2025-01-01 08:58:32,9.838589083339269
2025-01-01 08:58:48,9.838589083339269
2025-01-01 08:59:03,9.838589083339269
2025-01-01 08:59:19,9.838589083339269
2025-01-01 08:59:34,9.838589083339269
2025-01-01 08:59:50,9.838589083339269
2025-01-01 09:00:05,9.838589083339269
2025-01-01 09:00:20,9.838589083339269
2025-01-01 09:00:36,9.838589083339269
2025-01-01 09:00:51,9.838589083339269
2025-01-01 09:01:06,9.838589083339269
2025-01-01 09:01:21,9.838589083339269
2025-01-01 09:01:36,9.838589083339269
2025-01-01 09:01:51,9.838589083339269
2025-01-01 09:02:06,9.838589083339269
2025-01-01 09:02:21,
2025-01-01 09:02:36,9.838589083339269
2025-01-01 09:02:51,9.838589083339269
2025-01-01 09:03:06,9.838589083339269
2025-01-01 09:03:21,9.838589083339269
2025-01-01 09:03:36,9.838589083339269
2025-01-01 09:03:51,9.838589083339269
2025-01-01 09:04:06,9.838589083339269
2025-01-01 09:04:21,9.838589083339269
2025-01-01 09:04:36,9.838589083339269
2025-01-01 09:04:51,9.838589083339269
2025-01-01 09:05:07,9.838589083339269
2025-01-01 09:05:22,9.838589083339269
2025-01-01 09:05:38,9.838589083339269
2025-01-01 09:05:54,9.838589083339269
2025-01-01 09:06:09,9.838589083339269
2025-01-01 09:06:24,9.838589083339269
2025-01-01 09:06:40,9.838589083339269
2025-01-01 09:06:55,
2025-01-01 09:07:10,9.838589083339269
2025-01-01 09:07:25,9.838589083339269
2025-01-01 09:07:40,9.838589083339269
2025-01-01 09:07:55,9.838589083339269
2025-01-01 09:08:10,9.838589083339269
2025-01-01 09:08:25,9.838589083339269
2025-01-01 09:08:40,9.838589083339269
2025-01-01 09:08:55,9.838589083339269
2025-01-01 09:09:10,9.838589083339269
2025-01-01 09:09:26,9.838589083339269
2025-01-01 09:09:41,9.838589083339269
2025-01-01 09:09:56,9.838589083339269
2025-01-01 09:10:11,9.838589083339269
2025-01-01 09:10:26,9.838589083339269
2025-01-01 09:10:41,9.838589083339269
2025-01-01 09:10:56,9.838589083339269
2025-01-01 09:11:12,9.838589083339269
2025-01-01 09:11:27,9.838589083339269
2025-01-01 09:11:42,9.838589083339269
2025-01-01 09:11:57,9.838589083339269
2025-01-01 09:12:12,9.838589083339269
2025-01-01 09:12:27,9.838589083339269
2025-01-01 09:12:42,9.838589083339269
2025-01-01 09:12:57,9.838589083339269
2025-01-01 09:13:12,9.838589083339269
2025-01-01 09:13:27,9.838589083339269
2025-01-01 09:13:43,9.838589083339269
2025-01-01 09:13:58,9.838589083339269
2025-01-01 09:14:13,
2025-01-01 09:14:28,9.838589083339269
2025-01-01 09:14:43,9.838589083339269
2025-01-01 09:14:58,9.838589083339269
2025-01-01 09:15:13,9.838589083339269
2025-01-01 09:15:28,9.838589083339269
2025-01-01 09:15:43,9.838589083339269
2025-01-01 09:15:58,9.838589083339269
2025-01-01 09:16:13,9.838589083339269
2025-01-01 09:16:28,9.838589083339269
2025-01-01 09:16:43,9.838589083339269
2025-01-01 09:16:58,9.838589083339269
2025-01-01 09:17:13,9.838589083339269
2025-01-01 09:17:28,9.838589083339269
2025-01-01 09:17:44,9.838589083339269
2025-01-01 09:17:59,9.838589083339269
2025-01-01 09:18:14,9.838589083339269
2025-01-01 09:18:29,9.838589083339269
2025-01-01 09:18:44,9.838589083339269
2025-01-01 09:18:59,9.838589083339269
2025-01-01 09:19:14,9.838589083339269
2025-01-01 09:19:29,9.838589083339269
2025-01-01 09:19:44,9.838589083339269
2025-01-01 09:19:59,9.838589083339269
2025-01-01 09:20:14,9.838589083339269
2025-01-01 09:20:29,9.838589083339269
2025-01-01 09:20:44,9.838589083339269
2025-01-01 09:20:59,9.838589083339269
2025-01-01 09:21:14,9.838589083339269
2025-01-01 09:21:30,9.838589083339269
2025-01-01 09:21:46,9.838589083339269
2025-01-01 09:22:01,9.838589083339269
2025-01-01 09:22:16,9.838589083339269
2025-01-01 09:22:31,9.838589083339269
2025-01-01 09:22:46,9.838589083339269
2025-01-01 09:23:01,9.838589083339269
2025-01-01 09:23:16,9.838589083339269
2025-01-01 09:23:31,
2025-01-01 09:23:47,9.838589083339269
2025-01-01 09:24:02,9.838589083339269
2025-01-01 09:24:17,9.838589083339269
2025-01-01 09:24:32,9.838589083339269
2025-01-01 09:24:47,9.838589083339269
2025-01-01 09:25:02,9.838589083339269
2025-01-01 09:25:17,9.838589083339269
2025-01-01 09:25:32,9.838589083339269
2025-01-01 09:25:47,9.838589083339269
2025-01-01 09:26:02,9.838589083339269
2025-01-01 09:26:17,
2025-01-01 09:26:32,9.838589083339269
2025-01-01 09:26:47,9.838589083339269
2025-01-01 09:27:03,9.838589083339269
2025-01-01 09:27:18,9.838589083339269
2025-01-01 09:27:33,9.838589083339269
2025-01-01 09:27:48,9.838589083339269
2025-01-01 09:28:03,9.838589083339269
2025-01-01 09:28:18,9.838589083339269
2025-01-01 09:28:33,9.838589083339269
2025-01-01 09:28:48,9.838589083339269
2025-01-01 09:29:03,9.838589083339269
2025-01-01 09:29:18,9.838589083339269
2025-01-01 09:29:35,9.838589083339269
2025-01-01 09:29:50,9.838589083339269
2025-01-01 09:30:05,
2025-01-01 09:30:20,9.838589083339269
2025-01-01 09:30:35,9.838589083339269
2025-01-01 09:30:50,9.838589083339269
2025-01-01 09:31:06,9.838589083339269
2025-01-01 09:31:21,9.838589083339269
2025-01-01 09:31:36,9.838589083339269
2025-01-01 09:31:51,9.838589083339269
2025-01-01 09:32:06,9.838589083339269
2025-01-01 09:32:21,9.838589083339269
2025-01-01 09:32:36,9.838589083339269
2025-01-01 09:32:51,9.838589083339269
2025-01-01 09:33:06,9.838589083339269
2025-01-01 09:33:21,9.838589083339269
2025-01-01 09:46:56,9.838589083339269
2025-01-01 09:58:02,9.838589083339269
2025-01-01 10:08:37,
2025-01-01 10:16:51,9.838589083339269
2025-01-01 10:32:37,9.838589083339269
2025-01-01 10:37:59,9.838589083339269
2025-01-01 10:38:14,9.838589083339269
2025-01-01 10:38:29,9.838589083339269
2025-01-01 10:38:44,9.838589083339269
2025-01-01 10:39:00,9.838589083339269
2025-01-01 10:39:15,9.838589083339269
2025-01-01 10:39:30,9.838589083339269
2025-01-01 10:39:45,9.838589083339269
2025-01-01 10:40:00,9.838589083339269
2025-01-01 10:40:16,
2025-01-01 10:40:32,
2025-01-01 10:40:47,9.838589083339269
2025-01-01 10:41:02,9.838589083339269
2025-01-01 10:41:17,
2025-01-01 10:41:32,9.838589083339269
2025-01-01 10:41:47,9.838589083339269
2025-01-01 10:42:02,9.838589083339269
2025-01-01 10:42:17,9.838589083339269
2025-01-01 10:42:32,9.838589083339269
2025-01-01 10:42:47,9.838589083339269
2025-01-01 10:43:02,9.838589083339269
2025-01-01 10:43:17,9.838589083339269
2025-01-01 10:43:32,9.838589083339269
2025-01-01 10:43:47,9.838589083339269
2025-01-01 10:44:02,9.838589083339269
2025-01-01 10:44:18,9.838589083339269
2025-01-01 10:44:33,9.838589083339269
2025-01-01 10:44:48,
2025-01-01 10:45:03,9.838589083339269
2025-01-01 10:45:18,9.838589083339269
2025-01-01 10:45:34,9.838589083339269
2025-01-01 10:45:49,9.838589083339269
2025-01-01 10:46:04,9.838589083339269
2025-01-01 10:46:19,9.838589083339269
2025-01-01 10:46:34,9.838589083339269
2025-01-01 10:46:49,9.838589083339269
2025-01-01 10:47:04,9.838589083339269
2025-01-01 10:47:19,9.838589083339269
2025-01-01 10:47:34,9.838589083339269
2025-01-01 10:47:50,
2025-01-01 10:48:05,9.838589083339269
2025-01-01 10:48:21,9.838589083339269
2025-01-01 10:48:36,9.838589083339269
2025-01-01 10:48:51,9.838589083339269
2025-01-01 10:49:06,9.838589083339269
2025-01-01 10:49:21,9.838589083339269
2025-01-01 10:49:36,9.838589083339269
2025-01-01 10:49:51,9.838589083339269
2025-01-01 10:50:06,
2025-01-01 10:50:21,9.838589083339269
2025-01-01 10:50:36,9.838589083339269
2025-01-01 10:50:51,9.838589083339269
2025-01-01 10:51:06,9.838589083339269
2025-01-01 10:51:21,9.838589083339269
2025-01-01 10:51:36,9.838589083339269
2025-01-01 10:51:51,9.838589083339269
2025-01-01 10:52:06,9.838589083339269
2025-01-01 10:52:21,9.838589083339269
2025-01-01 10:52:36,9.838589083339269
2025-01-01 10:52:51,9.838589083339269
2025-01-01 10:53:06,9.838589083339269
2025-01-01 10:53:21,9.838589083339269
2025-01-01 10:53:36,9.838589083339269
2025-01-01 10:53:51,9.838589083339269
2025-01-01 10:54:06,9.838589083339269
2025-01-01 10:54:21,9.838589083339269
2025-01-01 10:54:36,9.838589083339269
2025-01-01 10:54:51,
2025-01-01 10:55:07,9.838589083339269
2025-01-01 10:55:22,9.838589083339269
2025-01-01 10:55:37,9.838589083339269
2025-01-01 10:55:52,9.838589083339269
2025-01-01 10:56:08,9.838589083339269
2025-01-01 10:56:23,9.838589083339269
2025-01-01 10:56:38,9.838589083339269
2025-01-01 10:56:53,10.771569366058523
2025-01-01 10:57:09,10.771569366058523
2025-01-01 10:57:25,10.771569366058523
2025-01-01 10:57:40,10.771569366058523
2025-01-01 10:57:55,10.771569366058523
2025-01-01 10:58:10,10.771569366058523
2025-01-01 10:58:25,10.771569366058523
2025-01-01 10:58:40,10.771569366058523
2025-01-01 10:58:55,10.771569366058523
2025-01-01 10:59:10,10.771569366058523
2025-01-01 10:59:25,10.771569366058523
2025-01-01 10:59:40,10.771569366058523
2025-01-01 10:59:55,10.771569366058523
2025-01-01 11:00:10,10.771569366058523
2025-01-01 11:00:26,10.771569366058523
2025-01-01 11:00:41,10.771569366058523
2025-01-01 11:00:56,10.771569366058523
2025-01-01 11:01:11,10.771569366058523
2025-01-01 11:01:26,10.771569366058523
2025-01-01 11:01:41,10.771569366058523
2025-01-01 11:01:56,10.771569366058523
2025-01-01 11:02:11,10.771569366058523
2025-01-01 11:02:26,10.771569366058523
2025-01-01 11:02:41,10.771569366058523
2025-01-01 11:02:56,10.771569366058523
2025-01-01 11:03:11,
2025-01-01 11:03:27,10.771569366058523
2025-01-01 11:03:42,10.771569366058523
2025-01-01 11:03:57,10.771569366058523
2025-01-01 11:04:12,10.771569366058523
2025-01-01 11:04:27,10.771569366058523
2025-01-01 11:04:42,10.771569366058523
2025-01-01 11:04:57,10.771569366058523
2025-01-01 11:05:12,10.771569366058523
2025-01-01 11:05:27,10.771569366058523
2025-01-01 11:05:43,
2025-01-01 11:05:58,10.771569366058523
2025-01-01 11:06:13,10.771569366058523
2025-01-01 11:06:28,10.771569366058523
2025-01-01 11:06:43,10.771569366058523
2025-01-01 11:06:58,10.771569366058523
2025-01-01 11:07:13,10.771569366058523
2025-01-01 11:07:28,10.771569366058523
2025-01-01 11:07:43,10.771569366058523
2025-01-01 11:07:59,10.771569366058523
2025-01-01 11:08:14,10.771569366058523
2025-01-01 11:08:29,10.771569366058523
2025-01-01 11:08:45,10.771569366058523
2025-01-01 11:09:00,10.771569366058523
2025-01-01 11:09:15,10.771569366058523
2025-01-01 11:09:30,10.771569366058523
2025-01-01 11:09:45,10.771569366058523
2025-01-01 11:10:00,10.771569366058523
2025-01-01 11:10:15,10.771569366058523
2025-01-01 11:10:30,10.771569366058523
2025-01-01 11:10:46,10.771569366058523
2025-01-01 11:11:01,10.771569366058523
2025-01-01 11:11:16,10.771569366058523
2025-01-01 11:11:31,10.771569366058523
2025-01-01 11:11:46,10.771569366058523
2025-01-01 11:12:01,10.771569366058523
2025-01-01 11:12:16,10.771569366058523
2025-01-01 11:12:31,10.771569366058523
2025-01-01 11:12:46,10.771569366058523
2025-01-01 11:13:01,10.771569366058523
2025-01-01 11:13:16,10.771569366058523
2025-01-01 11:13:31,10.771569366058523
2025-01-01 11:13:46,10.771569366058523
2025-01-01 11:14:01,10.771569366058523
2025-01-01 11:14:16,10.771569366058523
2025-01-01 11:14:31,10.771569366058523
2025-01-01 11:14:46,10.771569366058523
2025-01-01 11:15:01,10.771569366058523
2025-01-01 11:15:17,10.771569366058523
2025-01-01 11:15:32,
2025-01-01 11:15:47,10.771569366058523
2025-01-01 11:16:03,10.771569366058523
2025-01-01 11:16:18,10.771569366058523
2025-01-01 11:16:33,10.771569366058523
2025-01-01 11:16:48,10.771569366058523
2025-01-01 11:17:03,10.771569366058523
2025-01-01 11:17:18,10.771569366058523
2025-01-01 11:17:33,10.771569366058523
2025-01-01 11:17:49,10.771569366058523
2025-01-01 11:18:04,10.771569366058523
2025-01-01 11:18:19,10.771569366058523
2025-01-01 11:18:34,10.771569366058523
2025-01-01 11:18:50,10.771569366058523
2025-01-01 11:19:05,10.771569366058523
2025-01-01 11:19:20,10.771569366058523
2025-01-01 11:19:35,10.771569366058523
2025-01-01 11:19:50,10.771569366058523
2025-01-01 11:20:05,10.771569366058523
2025-01-01 11:20:20,10.771569366058523
2025-01-01 11:20:35,10.771569366058523
2025-01-01 11:20:50,
2025-01-01 11:21:05,10.771569366058523
2025-01-01 11:21:20,10.771569366058523
2025-01-01 11:21:35,10.771569366058523
2025-01-01 11:21:50,10.771569366058523
2025-01-01 11:22:05,10.771569366058523
2025-01-01 11:22:20,10.771569366058523
2025-01-01 11:22:35,10.771569366058523
2025-01-01 11:22:50,
2025-01-01 11:23:06,10.771569366058523
2025-01-01 11:23:21,10.771569366058523
2025-01-01 11:23:36,10.771569366058523
2025-01-01 11:23:51,10.771569366058523
2025-01-01 11:24:06,10.771569366058523
2025-01-01 11:24:22,10.771569366058523
2025-01-01 11:24:37,10.771569366058523
2025-01-01 11:24:52,10.771569366058523
2025-01-01 11:25:07,10.771569366058523
2025-01-01 11:25:22,10.771569366058523
2025-01-01 11:25:37,10.771569366058523
2025-01-01 11:25:52,10.771569366058523
2025-01-01 11:26:07,10.771569366058523
2025-01-01 11:26:22,10.771569366058523
2025-01-01 11:26:38,10.771569366058523
2025-01-01 11:26:53,10.771569366058523
2025-01-01 11:27:08,10.771569366058523
2025-01-01 11:27:24,10.771569366058523
2025-01-01 11:27:39,10.771569366058523
2025-01-01 11:27:54,10.771569366058523
2025-01-01 11:28:09,
2025-01-01 11:28:24,10.771569366058523
2025-01-01 11:28:39,10.771569366058523
2025-01-01 11:28:54,
2025-01-01 11:29:09,10.771569366058523
2025-01-01 11:29:24,10.771569366058523
2025-01-01 11:29:39,10.771569366058523
2025-01-01 11:29:54,10.771569366058523
2025-01-01 11:30:09,10.771569366058523
2025-01-01 11:30:24,10.771569366058523
2025-01-01 11:30:39,10.771569366058523
2025-01-01 11:30:54,10.771569366058523
2025-01-01 11:31:09,10.771569366058523
2025-01-01 11:31:24,10.771569366058523
2025-01-01 11:31:40,10.771569366058523
2025-01-01 11:31:55,10.771569366058523
2025-01-01 11:32:10,10.771569366058523
2025-01-01 11:32:25,10.771569366058523
2025-01-01 11:32:40,10.771569366058523
2025-01-01 11:32:55,10.771569366058523
2025-01-01 11:33:10,10.771569366058523
2025-01-01 11:33:25,10.771569366058523
2025-01-01 11:33:40,10.771569366058523
2025-01-01 11:33:55,10.771569366058523
2025-01-01 11:34:10,10.771569366058523
2025-01-01 11:34:25,10.771569366058523
2025-01-01 11:34:41,10.771569366058523
2025-01-01 11:34:56,10.771569366058523
2025-01-01 11:35:11,10.771569366058523
2025-01-01 11:35:27,10.771569366058523
2025-01-01 11:35:42,10.771569366058523
2025-01-01 11:35:58,10.771569366058523
2025-01-01 11:36:13,
2025-01-01 11:36:28,10.771569366058523
2025-01-01 11:36:44,10.771569366058523
2025-01-01 11:36:59,10.771569366058523
2025-01-01 11:37:14,10.771569366058523
2025-01-01 11:37:29,10.771569366058523
2025-01-01 11:37:45,10.771569366058523
2025-01-01 11:38:00,10.771569366058523
2025-01-01 11:38:15,10.771569366058523
2025-01-01 11:38:30,10.771569366058523
2025-01-01 11:38:45,10.771569366058523
2025-01-01 11:39:00,10.771569366058523
2025-01-01 11:39:15,10.771569366058523
2025-01-01 11:39:30,10.771569366058523
2025-01-01 11:39:45,10.771569366058523
2025-01-01 11:40:00,10.771569366058523
2025-01-01 11:40:15,10.771569366058523
2025-01-01 11:40:30,10.771569366058523
2025-01-01 11:40:45,10.771569366058523
2025-01-01 11:41:00,10.771569366058523
2025-01-01 11:41:15,10.771569366058523
2025-01-01 11:41:30,10.771569366058523
2025-01-01 11:41:45,10.771569366058523
2025-01-01 11:42:00,10.771569366058523
2025-01-01 11:42:15,10.771569366058523
2025-01-01 11:42:30,10.771569366058523
2025-01-01 11:42:45,10.771569366058523
2025-01-01 11:43:00,10.771569366058523
2025-01-01 11:43:16,10.771569366058523
2025-01-01 11:43:31,10.771569366058523
2025-01-01 11:43:47,10.771569366058523
2025-01-01 11:44:02,
2025-01-01 11:44:17,10.771569366058523
2025-01-01 11:44:32,10.771569366058523
2025-01-01 11:44:47,10.771569366058523
2025-01-01 11:45:03,10.771569366058523
2025-01-01 11:45:18,10.771569366058523
2025-01-01 11:45:33,10.771569366058523
2025-01-01 11:45:48,10.771569366058523
2025-01-01 11:46:04,10.771569366058523
2025-01-01 11:46:19,10.771569366058523
2025-01-01 11:46:34,10.771569366058523
2025-01-01 11:46:49,10.771569366058523
2025-01-01 11:47:04,10.771569366058523
2025-01-01 11:47:19,10.771569366058523
2025-01-01 11:47:34,10.771569366058523
2025-01-01 11:47:49,10.771569366058523
2025-01-01 11:48:04,10.771569366058523
2025-01-01 11:48:19,10.771569366058523
2025-01-01 11:48:35,10.771569366058523
2025-01-01 11:48:50,10.771569366058523
2025-01-01 11:49:06,10.771569366058523
2025-01-01 11:49:21,
2025-01-01 11:49:36,10.771569366058523
2025-01-01 11:49:51,10.771569366058523
2025-01-01 11:50:06,10.771569366058523
2025-01-01 11:50:21,10.771569366058523
2025-01-01 11:50:37,10.771569366058523
2025-01-01 11:50:52,10.771569366058523
2025-01-01 11:51:07,
2025-01-01 11:51:22,10.771569366058523
2025-01-01 11:51:37,10.771569366058523
2025-01-01 11:51:53,10.771569366058523
2025-01-01 11:52:08,10.771569366058523
2025-01-01 11:52:23,10.771569366058523
2025-01-01 11:52:38,10.771569366058523
2025-01-01 11:52:53,10.771569366058523
2025-01-01 11:53:08,10.771569366058523
2025-01-01 11:53:23,10.771569366058523
2025-01-01 11:53:38,10.771569366058523
2025-01-01 11:53:53,10.771569366058523
2025-01-01 11:54:08,10.771569366058523
2025-01-01 11:54:23,10.771569366058523
2025-01-01 11:54:38,10.771569366058523
2025-01-01 11:54:53,10.771569366058523
2025-01-01 11:55:09,10.771569366058523
2025-01-01 11:55:24,10.771569366058523
2025-01-01 11:55:39,10.771569366058523
2025-01-01 11:55:54,10.771569366058523
2025-01-01 11:56:09,10.771569366058523
2025-01-01 11:56:24,10.771569366058523
2025-01-01 11:56:39,10.771569366058523
2025-01-01 11:56:54,10.771569366058523
2025-01-01 11:57:10,10.771569366058523
2025-01-01 11:57:25,10.771569366058523
2025-01-01 11:57:41,10.771569366058523
2025-01-01 11:57:56,10.771569366058523
2025-01-01 11:58:12,10.771569366058523
2025-01-01 11:58:27,10.771569366058523
2025-01-01 11:58:42,10.771569366058523
2025-01-01 11:58:58,10.771569366058523
2025-01-01 11:59:13,10.771569366058523
2025-01-01 11:59:28,10.771569366058523
2025-01-01 11:59:44,10.771569366058523
2025-01-01 11:59:59,
2025-01-01 12:00:14,10.771569366058523
2025-01-01 12:00:29,10.771569366058523
2025-01-01 12:00:45,10.771569366058523
2025-01-01 12:01:00,10.771569366058523
2025-01-01 12:01:15,10.771569366058523
2025-01-01 12:01:30,10.771569366058523
2025-01-01 12:01:45,10.771569366058523
2025-01-01 12:02:00,10.771569366058523
2025-01-01 12:02:15,10.771569366058523
2025-01-01 12:02:30,10.771569366058523
2025-01-01 12:02:45,10.771569366058523
2025-01-01 12:03:00,10.771569366058523
2025-01-01 12:03:15,10.771569366058523
2025-01-01 12:03:30,10.771569366058523
2025-01-01 12:03:45,10.771569366058523
2025-01-01 12:04:01,10.771569366058523
2025-01-01 12:04:16,10.771569366058523
2025-01-01 12:04:31,10.771569366058523
2025-01-01 12:04:46,10.771569366058523
2025-01-01 12:05:01,10.771569366058523
2025-01-01 12:05:18,10.771569366058523
2025-01-01 12:05:33,10.771569366058523
2025-01-01 12:05:48,10.771569366058523
2025-01-01 12:06:03,10.771569366058523
2025-01-01 12:06:18,10.771569366058523
2025-01-01 12:06:33,10.771569366058523
2025-01-01 12:06:48,10.771569366058523
2025-01-01 12:07:03,10.771569366058523
2025-01-01 12:07:18,10.771569366058523
2025-01-01 12:07:33,10.771569366058523
2025-01-01 12:07:49,10.771569366058523
2025-01-01 12:08:05,10.771569366058523
2025-01-01 12:08:21,9.371569366058525
2025-01-01 12:08:36,9.371569366058525
2025-01-01 12:08:52,9.371569366058525
2025-01-01 12:09:08,9.371569366058525
2025-01-01 12:09:24,
2025-01-01 12:09:39,9.371569366058525
2025-01-01 12:09:55,9.371569366058525
2025-01-01 12:10:11,9.371569366058525
2025-01-01 12:10:26,9.371569366058525
2025-01-01 12:10:41,9.371569366058525
2025-01-01 12:10:56,9.371569366058525
2025-01-01 12:11:11,9.371569366058525
2025-01-01 12:11:26,9.371569366058525
2025-01-01 12:11:41,9.371569366058525
2025-01-01 12:11:56,9.371569366058525
2025-01-01 12:12:11,9.371569366058525
2025-01-01 12:12:26,5.922823687034182
2025-01-01 12:12:42,5.014554637336026
2025-01-01 12:12:57,5.249753874540895
2025-01-01 12:13:12,3.7954291909236497
2025-01-01 12:13:27,6.346324868906184
2025-01-01 12:13:43,5.723839037081979
2025-01-01 12:13:58,4.872843317871292
2025-01-01 12:14:13,4.732767290268304
2025-01-01 12:14:28,
2025-01-01 12:14:43,5.1787276920780245
2025-01-01 12:14:58,4.882139876889501
2025-01-01 12:15:13,5.405629596790475
2025-01-01 12:15:28,4.28948780450183
2025-01-01 12:15:44,4.452170445214531
2025-01-01 12:15:59,5.129628607397259
2025-01-01 12:16:14,5.3574691714515215
2025-01-01 12:16:29,5.468434502843984
2025-01-01 12:16:44,5.71924988397056
2025-01-01 12:16:59,4.000886643095611
2025-01-01 12:17:14,4.97378327026232
2025-01-01 12:17:30,4.985863991591722
2025-01-01 12:17:45,5.263739660082218
2025-01-01 12:18:00,5.779728879618341
2025-01-01 12:18:15,
2025-01-01 12:18:31,5.920175028046999
2025-01-01 12:18:46,4.156031030028921
2025-01-01 12:19:02,4.966788027249413
2025-01-01 12:19:19,5.407467296360624
2025-01-01 12:19:34,5.89960868138931
2025-01-01 12:19:49,4.365675118188515
2025-01-01 12:20:04,4.913159842327044
2025-01-01 12:20:20,5.204323408537798
2025-01-01 12:20:35,5.3495138202690296
2025-01-01 12:20:52,4.7498018300605365
2025-01-01 12:21:07,4.815303061580738
2025-01-01 12:21:23,4.818884629596772
2025-01-01 12:21:38,4.480457521428239
2025-01-01 12:21:53,6.400183028325434
2025-01-01 12:22:08,5.35984106276529
2025-01-01 12:22:23,
2025-01-01 12:22:38,5.744480648105455
2025-01-01 12:22:53,4.433925594258943
2025-01-01 12:23:09,5.2114270334715895
2025-01-01 12:23:24,4.487797158406687
2025-01-01 12:23:39,4.569084340068432
2025-01-01 12:23:55,6.097389692374376
2025-01-01 12:24:10,6.005744745206803
2025-01-01 12:24:25,4.246792572038442
2025-01-01 12:24:40,5.447254230595034
2025-01-01 12:24:55,4.927035340056892
2025-01-01 12:25:10,4.976524533029565
2025-01-01 12:25:25,5.272336724008838
2025-01-01 12:25:40,4.901570803355748
2025-01-01 12:25:55,5.303461584705353
2025-01-01 12:26:10,5.834802023960642
2025-01-01 12:26:25,5.214339277099324
2025-01-01 12:26:40,5.273529913596015
2025-01-01 12:26:55,4.820250818716502
2025-01-01 12:27:10,4.355824282954107
2025-01-01 12:27:26,4.631019235472039
2025-01-01 12:27:42,5.620310317351094
2025-01-01 12:27:57,4.771908451374863
2025-01-01 12:28:12,5.423841700917303
2025-01-01 12:28:27,4.140521727830754
2025-01-01 12:28:42,4.878484547732452
2025-01-01 12:28:58,5.142974767106379
2025-01-01 12:29:14,5.203064113034357
2025-01-01 12:29:29,4.730381626220743
2025-01-01 12:29:44,5.057563722479146
2025-01-01 12:29:59,5.889381889853138
2025-01-01 12:30:14,6.351720231714934
2025-01-01 12:30:29,4.82029707340093
2025-01-01 12:30:44,5.8523010644292
2025-01-01 12:30:59,5.199045501604662
2025-01-01 12:31:15,5.065973529576528
2025-01-01 12:31:30,4.067903729127898
2025-01-01 12:31:45,5.05828403095161
2025-01-01 12:32:00,5.51143073303419
2025-01-01 12:32:16,6.019870451324369
2025-01-01 12:32:31,4.8634840299196025
2025-01-01 12:32:46,
2025-01-01 12:33:01,4.241192407033264
2025-01-01 12:33:16,5.883277518747412
2025-01-01 12:33:31,4.711813204377616
2025-01-01 12:33:46,5.888273940316777
2025-01-01 12:34:02,4.798303065394765
2025-01-01 12:34:17,5.072096671885139
2025-01-01 12:34:32,5.060536717333498
2025-01-01 12:34:47,6.317434708673046
2025-01-01 12:35:02,4.501724238764108
2025-01-01 12:35:17,5.609006220049208
2025-01-01 12:35:32,4.100116190026941
2025-01-01 12:35:47,
2025-01-01 12:36:02,4.797342387407404
2025-01-01 12:36:18,4.214876595299158
2025-01-01 12:36:33,5.653799803221832
2025-01-01 12:36:48,4.847958226675578
2025-01-01 12:37:03,6.459664847226786
2025-01-01 12:37:18,
2025-01-01 12:37:33,5.664279971345021
2025-01-01 12:37:49,5.821957239135805
2025-01-01 12:38:05,4.958233116998658
2025-01-01 12:38:20,5.786555171326692
2025-01-01 12:38:35,5.970691174582193
2025-01-01 12:38:52,4.925625770611085
2025-01-01 12:39:07,4.4710020275601705
2025-01-01 12:39:22,
2025-01-01 12:39:37,5.439185288500153
2025-01-01 12:39:52,6.64547904978515
2025-01-01 12:40:08,5.481578401878184
2025-01-01 12:40:23,5.878044252206264
2025-01-01 12:40:39,5.840170917407277
2025-01-01 12:40:54,5.322605394910091
2025-01-01 12:41:09,4.816636866837871
2025-01-01 12:41:24,4.204331350875858
2025-01-01 12:41:39,5.412641862113605
2025-01-01 12:41:54,5.515417798764065
2025-01-01 12:42:09,4.725179829996958
2025-01-01 12:42:24,4.709202545615502
2025-01-01 12:42:39,5.536986954903216
2025-01-01 12:42:55,4.383462833021584
2025-01-01 12:43:10,4.467865844055132
2025-01-01 12:43:25,5.076095993957621
2025-01-01 12:43:40,5.699568587780476
2025-01-01 12:43:56,5.680518537226369
2025-01-01 12:44:11,4.250915631860925
2025-01-01 12:44:26,6.344207962333619
2025-01-01 12:44:43,
2025-01-01 12:44:58,5.462235415110614
2025-01-01 12:45:13,4.902909998148992
2025-01-01 12:45:29,6.100980057441414
2025-01-01 12:45:44,5.695539230105887
2025-01-01 12:45:59,5.082267685000146
2025-01-01 12:46:14,5.275883603236237
2025-01-01 12:46:30,6.621789642001962
2025-01-01 12:46:45,5.082448022246188
2025-01-01 12:47:00,5.19132722126335
2025-01-01 12:47:16,5.708219391634053
2025-01-01 12:47:31,4.818821358536417
2025-01-01 12:47:47,4.840051132970118
2025-01-01 12:48:03,5.288599731114443
2025-01-01 12:48:18,6.398664873196688
2025-01-01 12:48:33,6.064020086819195
2025-01-01 12:48:49,5.338449645741775
2025-01-01 12:49:04,4.813235339267981
2025-01-01 12:49:20,5.712824682616824
2025-01-01 12:49:35,6.007765855807257
2025-01-01 12:49:50,5.687852563972496
2025-01-01 12:50:05,5.197260994334859
2025-01-01 12:50:20,6.005482111193761
2025-01-01 12:50:35,5.400911890265138
2025-01-01 12:50:50,5.527654701800945
2025-01-01 12:51:05,5.196162108919004
2025-01-01 12:51:20,4.508598136289167
2025-01-01 12:51:36,5.452363693961203
2025-01-01 12:51:51,6.283407063595649
2025-01-01 12:52:06,4.772071662442418
2025-01-01 12:52:21,6.025690965521255
2025-01-01 12:52:36,4.561207853493748
2025-01-01 12:52:51,5.749450051189906
2025-01-01 12:53:06,
2025-01-01 12:53:21,4.97641072294284
2025-01-01 12:53:36,5.2873333605407415
2025-01-01 12:53:51,
2025-01-01 12:54:06,4.981205124699023
2025-01-01 12:54:21,5.446278672213553
2025-01-01 12:54:36,4.877912817411885
2025-01-01 12:54:51,5.511394427698775
2025-01-01 12:55:06,5.834404682581012
2025-01-01 12:55:21,5.12185114127038
2025-01-01 12:55:36,4.665247348652833
2025-01-01 12:55:51,5.518534562069316
2025-01-01 12:56:06,5.324349794358926
2025-01-01 12:56:21,4.406982729091256
2025-01-01 12:56:37,5.914929601706889
2025-01-01 12:56:52,5.443379353891346
2025-01-01 12:57:07,5.848593436397461
2025-01-01 12:57:22,5.917160983949037
2025-01-01 12:57:37,5.164821491140091
2025-01-01 12:57:52,5.598700144009247
2025-01-01 12:58:07,5.914833239531875
2025-01-01 12:58:22,5.918360986208312
2025-01-01 12:58:37,5.793089500467783
2025-01-01 12:58:52,5.882893204279015
2025-01-01 12:59:08,6.07976965431241
2025-01-01 12:59:23,
2025-01-01 12:59:38,5.530702680938719
2025-01-01 12:59:53,5.8812774050145
2025-01-01 13:00:09,5.558158038500593
2025-01-01 13:00:24,4.94926548534039
2025-01-01 13:00:39,5.88589454642898
2025-01-01 13:00:54,4.794854524552731
2025-01-01 13:01:09,
2025-01-01 13:01:24,4.637664851982085
2025-01-01 13:01:39,5.771729993136612
2025-01-01 13:01:55,5.779457979383951
2025-01-01 13:02:11,5.982252806912355
2025-01-01 13:02:26,5.126245986580328
2025-01-01 13:02:41,5.2484887181423145
2025-01-01 13:02:56,6.865334750201752
2025-01-01 13:03:11,
2025-01-01 13:03:26,6.28546109589704
2025-01-01 13:03:41,6.030333362581744
2025-01-01 13:03:56,5.07481065830105
2025-01-01 13:04:11,
2025-01-01 13:04:27,5.922294638760551
2025-01-01 13:04:42,5.857066226635146
2025-01-01 13:04:57,6.645063061547301
2025-01-01 13:05:13,6.007756759171242
2025-01-01 13:05:28,5.475706018154259
2025-01-01 13:05:43,5.367996034213836
2025-01-01 13:05:58,5.068172511861259
2025-01-01 13:06:13,5.260384374649146
2025-01-01 13:06:28,5.80900994547762
2025-01-01 13:06:43,6.724165653874897
2025-01-01 13:06:58,6.051491279379419
2025-01-01 13:07:13,7.024923902962787
2025-01-01 13:07:28,5.7154805313190735
2025-01-01 13:07:43,6.293043653093363
2025-01-01 13:07:59,5.2305842838012975
2025-01-01 13:08:14,5.321304819489817
2025-01-01 13:08:29,5.831221222588457
2025-01-01 13:08:44,5.319813962078282
2025-01-01 13:09:00,5.916953490671808
2025-01-01 13:09:16,5.644518241525702
2025-01-01 13:09:31,5.710669978867856
2025-01-01 13:09:46,6.207474864058339
2025-01-01 13:10:01,6.373668268333165
2025-01-01 13:10:16,5.966951341047552
2025-01-01 13:10:31,6.098579717547002
2025-01-01 13:10:46,6.629355811326608
2025-01-01 13:11:01,6.40431888448397
2025-01-01 13:11:16,5.711507070363098
2025-01-01 13:11:31,5.701027287175696
2025-01-01 13:11:46,4.582553546451997
2025-01-01 13:12:02,
2025-01-01 13:12:17,5.47306724987424
2025-01-01 13:12:32,6.129721352756118
2025-01-01 13:12:47,5.719629566950341
2025-01-01 13:13:02,7.013728095393258
2025-01-01 13:13:17,6.1758260831682446
2025-01-01 13:13:33,5.740254251116979
2025-01-01 13:13:48,5.813773500636207
2025-01-01 13:14:03,5.58773798085435
2025-01-01 13:14:18,6.147663959486095
2025-01-01 13:14:33,5.764746707730977
2025-01-01 13:14:49,6.171291642807086
2025-01-01 13:15:04,5.298257662292122
2025-01-01 13:15:19,5.554836170203228
2025-01-01 13:15:34,4.6820762593848215
2025-01-01 13:15:49,5.685332326400896
2025-01-01 13:16:04,5.391061710357233
2025-01-01 13:16:19,5.061331887325567
2025-01-01 13:16:34,4.94558672850449
2025-01-01 13:16:49,6.588042008827293
2025-01-01 13:17:05,5.476833034016689
2025-01-01 13:17:20,6.8243590732901165
2025-01-01 13:17:35,6.088387583608879
2025-01-01 13:17:50,
2025-01-01 13:18:06,5.211659822535502
2025-01-01 13:18:22,5.211542419971426
2025-01-01 13:18:37,4.93121528726929
2025-01-01 13:18:52,5.150971889716575
2025-01-01 13:19:08,4.843612531521924
2025-01-01 13:19:23,4.961027534666218
2025-01-01 13:19:38,5.213371288340548
2025-01-01 13:19:53,4.785387409127947
2025-01-01 13:20:08,5.59910586056732
2025-01-01 13:20:23,5.180258391040618
2025-01-01 13:20:38,5.017776386117611
2025-01-01 13:20:53,5.391050458420722
2025-01-01 13:21:08,5.275379227666559
2025-01-01 13:21:23,3.973921411694853
2025-01-01 13:21:38,6.268114927308767
2025-01-01 13:21:53,5.289883655493252
2025-01-01 13:22:08,4.619634547497427
2025-01-01 13:22:24,5.151908875620967
2025-01-01 13:22:39,4.932045094432977
2025-01-01 13:22:54,4.646597829100229
2025-01-01 13:23:09,6.186661668938298
2025-01-01 13:23:24,5.515881471316835
2025-01-01 13:23:39,4.822099449909955
2025-01-01 13:23:55,5.962093432879286
2025-01-01 13:24:10,5.504813317784382
2025-01-01 13:24:25,3.9167960967967774
2025-01-01 13:24:40,5.765079516951079
2025-01-01 13:24:55,4.391622000565717
2025-01-01 13:25:10,5.7147775668139325
2025-01-01 13:25:25,
2025-01-01 13:25:40,6.081136697820359
2025-01-01 13:25:55,3.763812161127081
2025-01-01 13:26:10,5.297871425284278
2025-01-01 13:26:25,5.497359255650281
2025-01-01 13:26:40,4.496201632130165
2025-01-01 13:26:55,5.428195862367353
2025-01-01 13:27:10,
2025-01-01 13:27:25,6.356697690126028
2025-01-01 13:27:41,6.183692600583608
2025-01-01 13:27:56,5.462734256359301
2025-01-01 13:28:11,5.6668266741196
2025-01-01 13:28:26,4.896658375063498
2025-01-01 13:28:41,5.462565835821247
2025-01-01 13:28:56,4.684230144598291
2025-01-01 13:29:11,4.487804949949312
2025-01-01 13:29:26,5.5597142048165935
2025-01-01 13:29:41,5.388213934178218
2025-01-01 13:29:56,5.206720587734317
2025-01-01 13:30:11,5.88955454969147
2025-01-01 13:30:27,5.574006473571114
2025-01-01 13:30:42,5.067659763923141
2025-01-01 13:30:57,5.334868949720406
2025-01-01 13:31:12,4.460476886918558
2025-01-01 13:31:27,
2025-01-01 13:31:42,5.270269806692797
2025-01-01 13:31:57,5.3028568671532295
2025-01-01 13:32:12,4.60549666322615
2025-01-01 13:32:27,5.810907048264847
2025-01-01 13:32:42,5.137189577913268
2025-01-01 13:32:57,5.09039437259133
2025-01-01 13:33:13,5.1498283296592415
2025-01-01 13:33:28,4.799756036006285
2025-01-01 13:33:43,4.320893127681401
2025-01-01 13:33:58,4.783598382534802
2025-01-01 13:34:14,4.528622726320671
2025-01-01 13:34:29,4.295858664988543
2025-01-01 13:34:44,7.638424923262786
2025-01-01 13:34:59,4.644199687558301
2025-01-01 13:35:14,4.6657754575630825
2025-01-01 13:35:30,5.023061881255575
2025-01-01 13:35:45,4.813686835541324
2025-01-01 13:36:01,5.447167903274544
2025-01-01 13:36:16,6.011872392722646
2025-01-01 13:36:31,5.086272748962688
2025-01-01 13:36:46,5.234683148879446
2025-01-01 13:37:02,5.2442019035502
2025-01-01 13:37:17,5.785160817931896
2025-01-01 13:37:32,4.072772803451938
2025-01-01 13:37:47,5.153911320203685
2025-01-01 13:38:02,5.486213790081495
2025-01-01 13:38:17,5.988622154656227
2025-01-01 13:38:32,4.802391075915622
2025-01-01 13:38:47,5.1079517076533465
2025-01-01 13:39:02,
2025-01-01 13:39:17,5.64505361144168
2025-01-01 13:39:32,6.768252045712632
2025-01-01 13:39:47,6.050260203981878
2025-01-01 13:40:04,5.677415520556195
2025-01-01 13:40:19,5.1100258121862
2025-01-01 13:40:34,5.138035611394086
2025-01-01 13:40:49,5.697834228498985
2025-01-01 13:41:04,5.810526304257245
2025-01-01 13:41:19,5.979163352810415
2025-01-01 13:41:34,4.708949317683965
2025-01-01 13:41:49,6.441165567903893
2025-01-01 13:42:04,5.101096945362212
2025-01-01 13:42:19,6.414058434623133
2025-01-01 13:44:07,5.880703555449655
2025-01-01 14:01:36,7.506040713524472
2025-01-01 14:17:45,8.408209177122615
2025-01-01 14:28:43,8.890471414504033
2025-01-01 14:46:22,9.86041327589156
2025-01-01 14:52:36,9.885107028205464
2025-01-01 15:04:11,10.020454238704811
2025-01-01 15:14:42,11.180208102080435
2025-01-01 15:27:11,10.735242008726017
2025-01-01 15:35:28,
2025-01-01 15:49:47,
2025-01-01 16:04:59,10.323829235427768
2025-01-01 16:05:14,12.013111611430494
2025-01-01 16:05:29,11.909443378573044
2025-01-01 16:05:44,12.000614317276264
2025-01-01 16:05:59,11.349112908821978
2025-01-01 16:06:14,10.50959382492804
2025-01-01 16:06:29,12.778950970400835
2025-01-01 16:06:44,12.577776171918362
2025-01-01 16:06:59,11.584581285729987
2025-01-01 16:07:14,11.556634641223724
2025-01-01 16:07:29,11.283406361924568
2025-01-01 16:07:44,12.753917260380929
2025-01-01 16:07:59,10.475733474934476
2025-01-01 16:08:15,12.926023291142377
2025-01-01 16:08:30,11.703649729168925
2025-01-01 16:08:46,11.033423694860131
2025-01-01 16:09:01,10.668907854787676
2025-01-01 16:09:17,11.65624072576158
2025-01-01 16:09:32,11.531189397157338
2025-01-01 16:09:47,11.996355645462236
2025-01-01 16:10:02,12.368958049848873
2025-01-01 16:10:17,11.75646825642798
2025-01-01 16:10:32,10.232157416183828
2025-01-01 16:10:47,11.4399995226693
2025-01-01 16:11:02,11.751547966168838
2025-01-01 16:11:17,12.094506996000057
2025-01-01 16:11:32,11.118540499359725
2025-01-01 16:11:48,11.678143803281293
2025-01-01 16:12:03,11.633522147774851
2025-01-01 16:12:18,11.511058856995854
2025-01-01 16:12:33,12.642286850363964
2025-01-01 16:12:48,12.183090721613771
2025-01-01 16:13:04,11.600230180068005
2025-01-01 16:13:19,
2025-01-01 16:13:34,11.625552982165436
2025-01-01 16:13:49,12.117856464844662
2025-01-01 16:14:04,13.14299388226645
2025-01-01 16:14:19,12.177944267532354
2025-01-01 16:14:34,11.011928766943866
2025-01-01 16:14:49,10.404977235709843
2025-01-01 16:15:04,11.393063348632976
2025-01-01 16:15:20,12.152308707882495
2025-01-01 16:15:35,12.443994240426786
2025-01-01 16:15:50,11.871487905721242
2025-01-01 16:16:05,11.534385294288406
2025-01-01 16:16:21,12.098347175141374
2025-01-01 16:16:36,12.183169666093832
2025-01-01 16:16:51,12.968864710332408
2025-01-01 16:17:06,11.085999453161296
2025-01-01 16:17:21,11.787334348028548
2025-01-01 16:17:36,11.57661523180373
2025-01-01 16:17:51,12.034781377240774
2025-01-01 16:18:06,
2025-01-01 16:18:21,10.309956676836824
2025-01-01 16:18:36,12.3587912032197
2025-01-01 16:18:51,12.214753366252417
2025-01-01 16:19:06,11.39478269534815
2025-01-01 16:19:21,10.478867885901304
2025-01-01 16:19:36,12.073749069162284
2025-01-01 16:19:51,11.228222702730369
2025-01-01 16:20:06,11.595969136428124
2025-01-01 16:20:21,11.309531591282196
2025-01-01 16:20:36,11.385995197834122
2025-01-01 16:20:51,12.13754453250786
2025-01-01 16:21:07,11.232653367476988
2025-01-01 16:21:22,12.07114920612445
2025-01-01 16:21:37,11.009230536801835
2025-01-01 16:21:53,10.648388787557318
2025-01-01 16:22:08,11.765494387697595
2025-01-01 16:22:23,11.945989451782664
2025-01-01 16:22:38,11.417899619974104
2025-01-01 16:22:53,11.456212300030131
2025-01-01 16:23:08,11.987093769588023
2025-01-01 16:23:23,12.968377902767418
2025-01-01 16:23:39,12.081129645357374
2025-01-01 16:23:54,10.137338460364752
2025-01-01 16:24:10,12.56689869337914
2025-01-01 16:24:25,10.590174570341826
2025-01-01 16:24:41,12.45065434253856
2025-01-01 16:24:56,11.332355383170956
2025-01-01 16:25:11,11.175903393049756
2025-01-01 16:25:27,10.98989970001204
2025-01-01 16:25:42,10.729765657475946
2025-01-01 16:25:57,10.92557363774872
2025-01-01 16:26:12,12.041538472716674
2025-01-01 16:26:27,
2025-01-01 16:26:42,11.085150527234878
2025-01-01 16:26:58,
2025-01-01 16:27:13,10.458150193945952
2025-01-01 16:27:28,11.42333155684077
2025-01-01 16:27:43,11.53805912936589
2025-01-01 16:27:58,10.437763948562717
2025-01-01 16:28:13,11.731968006506776
2025-01-01 16:28:29,11.834232715585266
2025-01-01 16:28:44,10.41289200545266
2025-01-01 16:28:59,10.68230826025764
2025-01-01 16:29:14,12.33911751830683
2025-01-01 16:29:29,11.86223108288806
2025-01-01 16:29:45,11.13611785830938
2025-01-01 16:30:00,11.137739555139778
2025-01-01 16:30:16,11.461457398140729
2025-01-01 16:30:31,12.06027119741556
2025-01-01 16:30:46,
2025-01-01 16:31:01,10.996354111057212
2025-01-01 16:31:16,11.216131948988409
2025-01-01 16:31:31,11.066499024826287
2025-01-01 16:31:46,11.093893555381444
2025-01-01 16:32:01,10.84404797976054
2025-01-01 16:32:17,11.474004138717708
2025-01-01 16:32:32,
2025-01-01 16:32:47,10.8704458078244
2025-01-01 16:33:03,11.617767355452264
2025-01-01 16:33:18,11.067486630927124
2025-01-01 16:33:34,11.36704187475974
2025-01-01 16:33:49,11.791729601538972
2025-01-01 16:34:04,11.416036446534202
2025-01-01 16:34:19,10.601731177610416
2025-01-01 16:34:34,11.255300593715411
2025-01-01 16:34:49,
2025-01-01 16:35:04,11.193022677404512
2025-01-01 16:35:19,10.69023839553358
2025-01-01 16:35:35,11.684177693431993
2025-01-01 16:35:50,12.007179738935564
2025-01-01 16:36:05,11.168023841950784
2025-01-01 16:36:20,
2025-01-01 16:36:35,9.8958289522667
2025-01-01 16:36:51,11.165467760283324
2025-01-01 16:37:07,
2025-01-01 16:37:22,11.520578140251024
2025-01-01 16:37:37,11.55593664227003
2025-01-01 16:37:53,10.45136458679143
2025-01-01 16:38:09,10.713264205024208
2025-01-01 16:38:24,11.819710902490892
2025-01-01 16:38:39,10.692427475791416
2025-01-01 16:38:55,11.006215075058316
2025-01-01 16:39:10,10.79128765732913
2025-01-01 16:39:25,11.820598976232755
2025-01-01 16:39:40,
2025-01-01 16:39:55,10.39475743650642
2025-01-01 16:40:10,11.345438864630683
2025-01-01 16:40:25,11.245936566937155
2025-01-01 16:40:40,11.248114879106582
2025-01-01 16:40:56,10.692260802438511
2025-01-01 16:41:12,10.918832377050943
2025-01-01 16:41:27,10.490159694649456
2025-01-01 16:41:42,
2025-01-01 16:41:57,11.406445391208026
2025-01-01 16:42:12,11.488324755110094
2025-01-01 16:42:29,11.024018276206087
2025-01-01 16:42:44,12.26502828860638
2025-01-01 16:43:00,12.06046537171162
2025-01-01 16:43:15,11.210689559630294
2025-01-01 16:43:30,10.553337055372726
2025-01-01 16:43:45,10.227272788025909
2025-01-01 16:44:00,11.235318215090114
2025-01-01 16:44:15,11.866826582321872
2025-01-01 16:44:30,11.121987733305044
2025-01-01 16:44:45,10.611611291759456
2025-01-01 16:45:00,11.059338513845628
2025-01-01 16:45:15,11.121914605044084
2025-01-01 16:45:30,11.075996089585637
2025-01-01 16:45:45,10.991069327023126
2025-01-01 16:46:00,9.994005420590122
2025-01-01 16:46:15,10.31673310184968
2025-01-01 16:46:30,11.36750512243424
2025-01-01 16:46:45,11.272114610707863
2025-01-01 16:47:01,11.571017285322007
2025-01-01 16:47:16,
2025-01-01 16:47:31,11.43955439263932
2025-01-01 16:47:46,11.016389995788908
2025-01-01 16:48:01,12.864638331814843
2025-01-01 16:48:16,12.70071936888033
2025-01-01 16:48:32,12.20086794245548
2025-01-01 16:48:48,12.094025604581017
2025-01-01 16:49:04,12.148748616119486
2025-01-01 16:49:20,12.261568523220165
2025-01-01 16:49:35,12.167678755068572
2025-01-01 16:49:50,12.40396065727859
2025-01-01 16:50:05,12.506102138559465
2025-01-01 16:50:20,11.762734666197847
2025-01-01 16:50:35,11.35945275807281
2025-01-01 16:50:50,12.532914046248482
2025-01-01 16:51:06,11.673578928508745
2025-01-01 16:51:21,12.883687774298696
2025-01-01 16:51:36,12.53169186106509
2025-01-01 16:51:51,12.4260184160091
2025-01-01 16:52:06,12.581023132545088
2025-01-01 16:52:21,11.399633619421664
2025-01-01 16:52:36,10.893617328976768
2025-01-01 16:52:51,10.422196657241251
2025-01-01 16:53:06,12.456258340808596
2025-01-01 16:53:21,11.646119609936424
2025-01-01 16:53:36,12.819388234330932
2025-01-01 16:53:51,10.69348727165791
2025-01-01 16:54:07,11.931418700810694
2025-01-01 16:54:22,11.92489864078494
2025-01-01 16:54:37,12.927114850285218
2025-01-01 16:54:52,10.482021780060926
2025-01-01 16:55:07,11.91471142339526
2025-01-01 16:55:22,12.771821103872538
2025-01-01 16:55:37,12.1951555145184
2025-01-01 16:55:53,10.94179167949848
2025-01-01 16:56:08,11.638891937469223
2025-01-01 16:56:23,13.514564566296444
2025-01-01 16:56:38,
2025-01-01 16:56:53,12.405740187975772
2025-01-01 16:57:08,13.301990430380284
2025-01-01 16:57:24,13.8801304797867
2025-01-01 16:57:39,12.775372998409257
2025-01-01 16:57:54,12.884519914840574
2025-01-01 16:58:09,14.949810933880617
2025-01-01 16:58:24,14.344087109577064
2025-01-01 16:58:39,12.97855975182094
2025-01-01 16:58:54,13.663497389099192
2025-01-01 16:59:09,12.675061470591782
2025-01-01 16:59:24,13.4772314943082
2025-01-01 16:59:39,13.232387489494062
2025-01-01 16:59:55,11.993033080663311
2025-01-01 17:00:10,12.893791604176007
2025-01-01 17:00:25,
2025-01-01 17:00:40,12.142258476308587
2025-01-01 17:00:55,14.384511923547308
2025-01-01 17:01:10,12.891350663891412
2025-01-01 17:01:25,12.451500233293816
2025-01-01 17:01:40,12.306556849222018
2025-01-01 17:01:55,12.71383951683572
2025-01-01 17:02:10,12.631009123740228
2025-01-01 17:02:25,14.422933895953843
2025-01-01 17:02:40,12.768783473937289
2025-01-01 17:02:57,12.528433364266586
2025-01-01 17:03:12,13.22328413668698
2025-01-01 17:03:27,13.68695661041503
2025-01-01 17:03:42,13.13304691975859
2025-01-01 17:03:57,13.1567965903467
2025-01-01 17:04:12,13.746936350017998
2025-01-01 17:04:28,13.07343155267818
2025-01-01 17:04:43,12.867921576315997
2025-01-01 17:04:58,13.139280817572068
2025-01-01 17:05:14,13.316150317992667
2025-01-01 17:05:29,13.41288206311116
2025-01-01 17:05:44,12.928383583422594
2025-01-01 17:05:59,12.95802854734784
2025-01-01 17:06:14,12.341837839046825
2025-01-01 17:06:29,13.318928507464165
2025-01-01 17:06:44,
2025-01-01 17:06:59,12.46154127772022
2025-01-01 17:07:15,13.884137771099942
2025-01-01 17:07:30,13.69406209825533
2025-01-01 17:07:45,12.957699067786193
2025-01-01 17:08:00,12.319352006761257
2025-01-01 17:08:15,12.955325057673768
2025-01-01 17:08:30,12.689602018488529
2025-01-01 17:08:45,12.845349569583572
2025-01-01 17:09:01,12.584769911645768
2025-01-01 17:09:16,12.631803749529391
2025-01-01 17:09:31,13.071456387159806
2025-01-01 17:09:46,13.261405828459637
2025-01-01 17:10:03,13.45576123260547
2025-01-01 17:10:18,12.264150560755846
2025-01-01 17:10:33,13.369074246398814
2025-01-01 17:10:48,13.020358811875692
2025-01-01 17:11:04,12.744787413394183
2025-01-01 17:11:19,13.426380446515957
2025-01-01 17:11:34,12.149835101227156
2025-01-01 17:11:49,12.283905775777445
2025-01-01 17:12:04,12.311706906707286
2025-01-01 17:12:19,13.721950136529992
2025-01-01 17:12:35,12.225601032802697
2025-01-01 17:12:50,12.848842872944486
2025-01-01 17:13:05,12.857667235166485
2025-01-01 17:13:20,11.684341299432765
2025-01-01 17:13:35,13.534217122730754
2025-01-01 17:13:51,12.450974704639266
2025-01-01 17:14:06,12.85893208333766
2025-01-01 17:14:21,12.358005175493156
2025-01-01 17:14:36,12.515567371457058
2025-01-01 17:14:51,11.667707707350663
2025-01-01 17:15:07,13.521369918069365
2025-01-01 17:15:22,12.279307839309556
2025-01-01 17:15:37,12.204494324688923
2025-01-01 17:15:52,12.48893865817318
2025-01-01 17:16:07,12.301364027163228
2025-01-01 17:16:22,12.702893554557322
2025-01-01 17:16:37,11.856581169699586
2025-01-01 17:16:52,12.786038051311753
2025-01-01 17:17:07,
2025-01-01 17:17:23,12.729108233647285
2025-01-01 17:17:38,11.249843426238424
2025-01-01 17:17:53,11.958359489151936
2025-01-01 17:18:08,11.924249543361016
2025-01-01 17:18:24,11.584144748725734
2025-01-01 17:18:39,13.09902193510736
2025-01-01 17:18:54,12.153313165106544
2025-01-01 17:19:09,13.313661119952677
2025-01-01 17:19:24,12.760734419100253
2025-01-01 17:19:39,11.918808460001436
2025-01-01 17:19:54,12.888644106632078
2025-01-01 17:20:09,11.06344193941432
2025-01-01 17:20:24,12.209558235651851
2025-01-01 17:20:39,13.201936250218823
2025-01-01 17:20:54,12.725468852360542
2025-01-01 17:21:09,13.040920471421638
2025-01-01 17:21:24,
2025-01-01 17:21:40,12.310322213280449
2025-01-01 17:21:55,12.27203948990858
2025-01-01 17:22:10,12.62471697601962
2025-01-01 17:22:25,12.146707820077465
2025-01-01 17:22:40,12.126221261410752
2025-01-01 17:22:55,12.576551758836455
2025-01-01 17:23:10,14.03220434872382
2025-01-01 17:23:25,13.10406854304635
2025-01-01 17:23:40,13.207275737966787
2025-01-01 17:23:55,
2025-01-01 17:24:10,12.308446697146906
2025-01-01 17:24:25,12.419420854335078
2025-01-01 17:24:40,11.895376919251376
2025-01-01 17:24:56,11.65701184970396
2025-01-01 17:25:11,12.349284275584234
2025-01-01 17:25:26,12.153211162302458
2025-01-01 17:25:41,11.53199442498087
2025-01-01 17:25:56,11.453284625176533
2025-01-01 17:26:11,
2025-01-01 17:26:26,11.18436265148974
2025-01-01 17:26:41,11.620815024863044
2025-01-01 17:26:56,12.45945357533809
2025-01-01 17:27:11,12.49644083439183
2025-01-01 17:27:26,12.334048159196916
2025-01-01 17:27:41,11.120614035156033
2025-01-01 17:27:56,12.637043320688766
2025-01-01 17:28:11,11.404930552199092
2025-01-01 17:28:26,11.904861854763048
2025-01-01 17:28:41,11.850711498869028
2025-01-01 17:28:56,11.95037867280952
2025-01-01 17:29:11,12.043675711025138
2025-01-01 17:29:26,11.828802129128013
2025-01-01 17:29:41,11.60423035194947
2025-01-01 17:29:56,11.418792410657815
2025-01-01 17:30:11,12.612264539420574
2025-01-01 17:30:26,11.832571797808908
2025-01-01 17:30:41,10.756589577417696
2025-01-01 17:30:58,11.827026652153643
2025-01-01 17:31:13,10.758114116008182
2025-01-01 17:31:28,12.50667432290733
2025-01-01 17:31:43,12.573555650218967
2025-01-01 17:31:59,12.295869679636018
2025-01-01 17:32:14,11.622425823860072
2025-01-01 17:32:29,13.117575279402685
2025-01-01 17:32:44,12.601669019876246
2025-01-01 17:32:59,12.44247058632983
2025-01-01 17:33:14,11.117115798999
2025-01-01 17:33:30,
2025-01-01 17:33:45,11.08291942375029
2025-01-01 17:34:01,11.241683742864453
2025-01-01 17:34:16,12.273097054476136
2025-01-01 17:34:31,11.807013762425154
2025-01-01 17:34:46,11.236645659185683
2025-01-01 17:35:01,11.950584090565805
2025-01-01 17:35:16,11.522100868853151
2025-01-01 17:35:31,10.571520629749102
2025-01-01 17:35:46,11.34595209477206
2025-01-01 17:36:02,10.795737985958649
2025-01-01 17:36:17,11.478136491820576
2025-01-01 17:36:32,12.39187554516448
2025-01-01 17:36:48,11.885188495062469
2025-01-01 17:37:03,10.889992421899176
2025-01-01 17:37:13,10.889992421899176
