timestamp,VibDisp_mm
2025-01-01 00:07:52,0.5277059743454692
2025-01-01 00:19:28,0.5742782929565113
2025-01-01 00:31:25,0.533868034694645
2025-01-01 00:45:37,0.5712752413929345
2025-01-01 00:57:46,0.6160309917884202
2025-01-01 01:19:11,0.6342183348920841
2025-01-01 01:33:10,0.6342183348920841
2025-01-01 01:44:22,0.6342183348920841
2025-01-01 02:05:03,0.6342183348920841
2025-01-01 02:15:31,0.6342183348920841
2025-01-01 02:24:57,0.6342183348920841
2025-01-01 02:38:10,0.6342183348920841
2025-01-01 02:53:52,0.6342183348920841
2025-01-01 03:05:05,0.6342183348920841
2025-01-01 03:18:06,0.6342183348920841
2025-01-01 03:40:07,0.6342183348920841
2025-01-01 03:47:33,0.6342183348920841
2025-01-01 04:00:04,0.6342183348920841
2025-01-01 04:15:27,0.6342183348920841
2025-01-01 04:25:04,0.6342183348920841
2025-01-01 04:37:08,0.6342183348920841
2025-01-01 04:46:30,0.6342183348920841
2025-01-01 04:51:41,0.6342183348920841
2025-01-01 04:51:56,0.6342183348920841
2025-01-01 04:52:11,0.6342183348920841
2025-01-01 04:52:26,0.6342183348920841
2025-01-01 04:52:41,0.6342183348920841
2025-01-01 04:52:56,0.6342183348920841
2025-01-01 04:53:11,0.6342183348920841
2025-01-01 04:53:26,0.6342183348920841
2025-01-01 04:53:41,0.6342183348920841
2025-01-01 04:53:56,0.6342183348920841
2025-01-01 04:54:11,0.6342183348920841
2025-01-01 04:54:26,0.6342183348920841
2025-01-01 04:54:41,0.6342183348920841
2025-01-01 04:54:56,0.6342183348920841
2025-01-01 04:55:11,0.6342183348920841
2025-01-01 04:55:27,0.6342183348920841
2025-01-01 04:55:42,0.6342183348920841
2025-01-01 04:55:57,0.6342183348920841
2025-01-01 04:56:13,0.6342183348920841
2025-01-01 04:56:28,0.6342183348920841
2025-01-01 04:56:43,0.6342183348920841
2025-01-01 04:56:58,0.6342183348920841
2025-01-01 04:57:13,0.6342183348920841
2025-01-01 04:57:28,0.6342183348920841
2025-01-01 04:57:44,0.6342183348920841
2025-01-01 04:57:59,0.6342183348920841
2025-01-01 04:58:14,0.6342183348920841
2025-01-01 04:58:29,0.6342183348920841
2025-01-01 04:58:44,0.6342183348920841
2025-01-01 04:58:59,
2025-01-01 04:59:14,0.6342183348920841
2025-01-01 04:59:29,0.6342183348920841
2025-01-01 04:59:44,0.6342183348920841
2025-01-01 04:59:59,0.6342183348920841
2025-01-01 05:00:14,0.6342183348920841
2025-01-01 05:00:30,0.6342183348920841
2025-01-01 05:00:45,0.6342183348920841
2025-01-01 05:01:00,0.6342183348920841
2025-01-01 05:01:15,0.6342183348920841
2025-01-01 05:01:30,0.6342183348920841
2025-01-01 05:01:45,0.6342183348920841
2025-01-01 05:02:00,0.6342183348920841
2025-01-01 05:02:15,0.6342183348920841
2025-01-01 05:02:31,0.6342183348920841
2025-01-01 05:02:46,0.6342183348920841
2025-01-01 05:03:01,0.6342183348920841
2025-01-01 05:03:16,0.6342183348920841
2025-01-01 05:03:32,0.6342183348920841
2025-01-01 05:03:47,0.6342183348920841
2025-01-01 05:04:02,0.6342183348920841
2025-01-01 05:04:17,0.6342183348920841
2025-01-01 05:04:32,0.6342183348920841
2025-01-01 05:04:47,0.6342183348920841
2025-01-01 05:05:02,0.6342183348920841
2025-01-01 05:05:17,0.6342183348920841
2025-01-01 05:05:32,0.6342183348920841
2025-01-01 05:05:47,0.6342183348920841
2025-01-01 05:06:02,0.6342183348920841
2025-01-01 05:06:17,0.6342183348920841
2025-01-01 05:06:32,0.6342183348920841
2025-01-01 05:06:47,0.6342183348920841
2025-01-01 05:07:02,0.6342183348920841
2025-01-01 05:07:17,
2025-01-01 05:07:33,0.6342183348920841
2025-01-01 05:07:48,0.6342183348920841
2025-01-01 05:08:03,0.6342183348920841
2025-01-01 05:08:18,0.6342183348920841
2025-01-01 05:08:33,0.6342183348920841
2025-01-01 05:08:48,0.6342183348920841
2025-01-01 05:09:05,0.6342183348920841
2025-01-01 05:09:21,0.6342183348920841
2025-01-01 05:09:36,0.6342183348920841
2025-01-01 05:09:51,0.6342183348920841
2025-01-01 05:10:07,0.6342183348920841
2025-01-01 05:10:22,0.6342183348920841
2025-01-01 05:10:38,0.6342183348920841
2025-01-01 05:10:53,0.6342183348920841
2025-01-01 05:11:08,0.6342183348920841
2025-01-01 05:11:23,0.6342183348920841
2025-01-01 05:11:38,0.6342183348920841
2025-01-01 05:11:53,0.6342183348920841
2025-01-01 05:12:08,0.6342183348920841
2025-01-01 05:12:23,0.6342183348920841
2025-01-01 05:12:38,0.6342183348920841
2025-01-01 05:12:53,0.6342183348920841
2025-01-01 05:13:08,0.6342183348920841
2025-01-01 05:13:23,0.6342183348920841
2025-01-01 05:13:38,0.6342183348920841
2025-01-01 05:13:53,0.6342183348920841
2025-01-01 05:14:08,0.6342183348920841
2025-01-01 05:14:23,0.6342183348920841
2025-01-01 05:14:38,0.6342183348920841
2025-01-01 05:14:53,0.6342183348920841
2025-01-01 05:15:08,0.6342183348920841
2025-01-01 05:15:23,0.6342183348920841
2025-01-01 05:15:38,0.6342183348920841
2025-01-01 05:15:53,0.6342183348920841
2025-01-01 05:16:08,0.6342183348920841
2025-01-01 05:16:23,0.6342183348920841
2025-01-01 05:16:38,
2025-01-01 05:16:53,0.6342183348920841
2025-01-01 05:17:09,0.6342183348920841
2025-01-01 05:17:24,0.6342183348920841
2025-01-01 05:17:39,0.6342183348920841
2025-01-01 05:17:54,0.6342183348920841
2025-01-01 05:18:09,0.6342183348920841
2025-01-01 05:18:24,0.6342183348920841
2025-01-01 05:18:39,0.6342183348920841
2025-01-01 05:18:54,0.6342183348920841
2025-01-01 05:19:09,0.6342183348920841
2025-01-01 05:19:24,0.6342183348920841
2025-01-01 05:19:39,
2025-01-01 05:19:54,0.6342183348920841
2025-01-01 05:20:09,0.6342183348920841
2025-01-01 05:20:24,0.362494954556311
2025-01-01 05:20:39,0.3571909871181725
2025-01-01 05:20:54,0.3162185937791291
2025-01-01 05:21:11,0.3640020227182826
2025-01-01 05:21:26,0.4095804908946712
2025-01-01 05:21:41,0.3874881363177604
2025-01-01 05:21:56,0.3250562998810228
2025-01-01 05:22:11,0.3296382421079474
2025-01-01 05:22:26,0.3428912923343163
2025-01-01 05:22:41,0.348842613131386
2025-01-01 05:22:56,0.3326210719087198
2025-01-01 05:23:11,0.3305861945831554
2025-01-01 05:23:27,0.3689118096707429
2025-01-01 05:23:42,0.3805937974141517
2025-01-01 05:23:57,0.3388147501604443
2025-01-01 05:24:12,0.3142449264495897
2025-01-01 05:24:27,0.3215956135381159
2025-01-01 05:24:42,0.3450380687420162
2025-01-01 05:24:57,0.3541477402320467
2025-01-01 05:25:12,0.2986333058243936
2025-01-01 05:25:28,0.3442296375509004
2025-01-01 05:25:43,0.3261015574657437
2025-01-01 05:25:58,0.367644045960855
2025-01-01 05:26:13,0.3388474346902018
2025-01-01 05:26:28,0.303329779370234
2025-01-01 05:26:43,
2025-01-01 05:26:58,0.3216748064184498
2025-01-01 05:27:13,0.3352995926350371
2025-01-01 05:27:29,0.3156156319607588
2025-01-01 05:27:44,0.3376264699006863
2025-01-01 05:27:59,0.3729044527358991
2025-01-01 05:28:15,0.3546912713969243
2025-01-01 05:28:30,0.3843379649857502
2025-01-01 05:28:45,0.3826612510730162
2025-01-01 05:29:00,0.3530343499042564
2025-01-01 05:29:15,0.3426472862809504
2025-01-01 05:29:30,0.3429992173577362
2025-01-01 05:29:45,0.2842905682086775
2025-01-01 05:30:00,0.3471995142203671
2025-01-01 05:30:15,0.2960457518021807
2025-01-01 05:30:30,0.3718329945167147
2025-01-01 05:30:45,0.3209588974067807
2025-01-01 05:31:00,0.3841818274672192
2025-01-01 05:31:15,0.3655085699505077
2025-01-01 05:31:31,0.337716981198323
2025-01-01 05:31:46,0.3502793281162266
2025-01-01 05:32:01,0.3184541004358248
2025-01-01 05:32:16,0.3342712731448038
2025-01-01 05:32:31,0.341138091109141
2025-01-01 05:32:46,0.3468002626237879
2025-01-01 05:33:02,0.3467399668299353
2025-01-01 05:33:17,0.3565241021244546
2025-01-01 05:33:32,0.3528779089376804
2025-01-01 05:33:47,0.2846576103253326
2025-01-01 05:34:02,0.2957223343711103
2025-01-01 05:34:17,0.3044681924695169
2025-01-01 05:34:32,0.3737326097602796
2025-01-01 05:34:48,0.291024045081411
2025-01-01 05:35:03,0.3648084737754126
2025-01-01 05:35:18,0.3136217115257905
2025-01-01 05:35:33,
2025-01-01 05:35:48,0.3493676838465382
2025-01-01 05:36:03,0.3599218012852069
2025-01-01 05:36:18,0.3564797486690703
2025-01-01 05:36:34,0.2829371977714824
2025-01-01 05:36:49,0.31012228938898
2025-01-01 05:37:04,0.3361645153836194
2025-01-01 05:37:19,0.3464263198136305
2025-01-01 05:37:34,0.3019289763654548
2025-01-01 05:37:49,
2025-01-01 05:38:04,0.3498044622407225
2025-01-01 05:38:19,0.3209640055769269
2025-01-01 05:38:35,0.3557967969687842
2025-01-01 05:38:50,0.291622456786057
2025-01-01 05:39:05,0.35018822882512
2025-01-01 05:39:20,0.3270670651356186
2025-01-01 05:39:35,0.365563658482599
2025-01-01 05:39:50,0.3802025436157929
2025-01-01 05:40:05,0.3516341601847463
2025-01-01 05:40:20,0.2715477502483953
2025-01-01 05:40:35,0.3779096276738203
2025-01-01 05:40:50,
2025-01-01 05:41:06,0.3729719058626083
2025-01-01 05:41:21,0.2870667706006391
2025-01-01 05:41:36,
2025-01-01 05:41:51,
2025-01-01 05:42:06,0.3134237933562148
2025-01-01 05:42:21,0.3092265996181795
2025-01-01 05:42:37,0.3417799337076181
2025-01-01 05:42:52,0.354144666454274
2025-01-01 05:43:07,0.3397722490740074
2025-01-01 05:43:22,0.3218725515237754
2025-01-01 05:43:37,0.3822363180497995
2025-01-01 05:43:52,0.3299473293860771
2025-01-01 05:44:07,0.3898718241919425
2025-01-01 05:44:23,0.3131371177513128
2025-01-01 05:44:38,0.3594142864744736
2025-01-01 05:44:54,0.3245236743785321
2025-01-01 05:45:09,0.3437113325583691
2025-01-01 05:45:24,0.325821641075368
2025-01-01 05:45:39,0.3322646490444603
2025-01-01 05:45:54,0.3131626110657728
2025-01-01 05:46:10,0.3318245074313626
2025-01-01 05:46:25,0.3924571828699919
2025-01-01 05:46:40,0.3344897616416171
2025-01-01 05:46:55,0.3859591409344728
2025-01-01 05:47:10,0.380383292244586
2025-01-01 05:47:25,0.3524457050588136
2025-01-01 05:47:40,0.3905845248971166
2025-01-01 05:47:55,0.3769458921225292
2025-01-01 05:48:10,0.3291938069617828
2025-01-01 05:48:25,0.3930813067482381
2025-01-01 05:48:40,0.3222327090264564
2025-01-01 05:48:55,0.3296847218453169
2025-01-01 05:49:10,
2025-01-01 05:49:25,0.3810211089129818
2025-01-01 05:49:40,0.3707758008384412
2025-01-01 05:49:55,0.3182030725269071
2025-01-01 05:50:10,0.3424898594925558
2025-01-01 05:50:25,0.3673308836315497
2025-01-01 05:50:40,0.3456295037876776
2025-01-01 05:50:55,0.3246579566254036
2025-01-01 05:51:11,0.383906828875861
2025-01-01 05:51:26,0.3678055379172935
2025-01-01 05:51:41,0.363222777808234
2025-01-01 05:51:56,0.3356384603392074
2025-01-01 05:52:11,0.3613346822600521
2025-01-01 05:52:26,0.3750982864581106
2025-01-01 05:52:41,0.3630528054704392
2025-01-01 05:52:56,0.356122960787131
2025-01-01 05:53:11,0.3041991213566227
2025-01-01 05:53:26,0.3694767829859341
2025-01-01 05:53:41,0.3820143831518183
2025-01-01 05:53:56,0.3307434647207533
2025-01-01 05:54:12,0.3603200351818516
2025-01-01 05:54:27,0.3379356153714413
2025-01-01 05:54:42,0.3211856353657437
2025-01-01 05:54:57,0.3696264668958108
2025-01-01 05:55:12,0.3902630482590276
2025-01-01 05:55:27,0.3307656664630481
2025-01-01 05:55:43,0.3698923150464749
2025-01-01 05:55:58,0.3533489999637523
2025-01-01 05:56:13,0.3670171025150794
2025-01-01 05:56:28,0.3805192691472871
2025-01-01 05:56:43,0.34821421708454
2025-01-01 05:56:58,0.3798068724760545
2025-01-01 05:57:13,0.386683552383104
2025-01-01 05:57:28,0.4086425513854906
2025-01-01 05:57:43,0.3816232010432291
2025-01-01 05:57:58,0.3421464572871723
2025-01-01 05:58:13,0.389776691813542
2025-01-01 05:58:28,0.3785058230710991
2025-01-01 05:58:43,0.3693783457765802
2025-01-01 05:58:59,0.3401003262177126
2025-01-01 05:59:16,0.3677966170622495
2025-01-01 05:59:31,0.3763721547856629
2025-01-01 05:59:46,0.4251185391269544
2025-01-01 06:00:01,0.3680612165865454
2025-01-01 06:00:17,0.3869154105571212
2025-01-01 06:00:32,
2025-01-01 06:00:47,0.3910141065271285
2025-01-01 06:01:02,0.3686485386971826
2025-01-01 06:01:18,0.354538690680643
2025-01-01 06:01:33,
2025-01-01 06:01:48,0.3829685906730136
2025-01-01 06:02:03,0.3450339504133454
2025-01-01 06:02:18,0.3132963883515106
2025-01-01 06:02:33,0.3480646227979684
2025-01-01 06:02:48,0.3708736560500991
2025-01-01 06:03:03,0.3670521407681462
2025-01-01 06:03:18,0.396225351417887
2025-01-01 06:03:33,0.337497826727631
2025-01-01 06:03:48,0.4023386640162494
2025-01-01 06:04:05,0.4243152453290011
2025-01-01 06:04:21,0.380591881058916
2025-01-01 06:04:36,0.3768275257321876
2025-01-01 06:04:51,0.3451776535210479
2025-01-01 06:05:06,0.3886169310555515
2025-01-01 06:05:21,0.3552852054603922
2025-01-01 06:05:36,0.3495417010049768
2025-01-01 06:05:51,
2025-01-01 06:06:06,0.4202297913576231
2025-01-01 06:06:21,0.3723101910928001
2025-01-01 06:06:36,0.38813362024824
2025-01-01 06:06:51,0.3830475518363676
2025-01-01 06:07:06,0.3860682593947367
2025-01-01 06:07:21,0.4012528726647011
2025-01-01 06:07:36,0.3556702475900524
2025-01-01 06:07:51,0.3410841332453088
2025-01-01 06:08:06,0.3786593735118134
2025-01-01 06:08:21,0.3775311896667295
2025-01-01 06:08:36,0.3754316128384282
2025-01-01 06:08:51,0.3893273498539075
2025-01-01 06:09:06,0.4017766633181127
2025-01-01 06:09:21,0.383169090093179
2025-01-01 06:09:36,0.3887558649220445
2025-01-01 06:09:51,0.4001032105699701
2025-01-01 06:10:06,0.349444167321994
2025-01-01 06:10:21,0.397249382676784
2025-01-01 06:10:36,0.3570833353589749
2025-01-01 06:10:52,0.4205545908565668
2025-01-01 06:11:07,0.3724564934824373
2025-01-01 06:11:23,0.3571433653274722
2025-01-01 06:11:38,0.3943339463211648
2025-01-01 06:11:53,0.3528372975893429
2025-01-01 06:12:08,0.3656739397173755
2025-01-01 06:12:23,0.3966584687709988
2025-01-01 06:12:38,0.4067983245098311
2025-01-01 06:12:53,0.3836819341233892
2025-01-01 06:13:08,0.4076626565741446
2025-01-01 06:13:23,0.3448393155425706
2025-01-01 06:13:38,0.3477800905129902
2025-01-01 06:13:53,0.3980738019157884
2025-01-01 06:14:08,
2025-01-01 06:14:24,0.43183275365518
2025-01-01 06:14:39,
2025-01-01 06:14:55,0.3752380761768142
2025-01-01 06:15:10,
2025-01-01 06:15:25,0.410930918952024
2025-01-01 06:15:40,0.4050516303706284
2025-01-01 06:15:55,0.421005902606489
2025-01-01 06:16:10,0.384665761403428
2025-01-01 06:16:25,0.3669999511780337
2025-01-01 06:16:40,0.3948179946765115
2025-01-01 06:16:56,0.4617780418286035
2025-01-01 06:17:11,0.4115089760770174
2025-01-01 06:17:27,0.3930867638089773
2025-01-01 06:17:42,0.4053307092525406
2025-01-01 06:17:57,0.4068815419850913
2025-01-01 06:18:13,0.3940438536398535
2025-01-01 06:18:28,0.4194098318989855
2025-01-01 06:18:44,0.4260122220009478
2025-01-01 06:18:59,0.4226428673910773
2025-01-01 06:19:14,0.3944583849757295
2025-01-01 06:19:31,0.3801923305121044
2025-01-01 06:19:46,0.3672293668422604
2025-01-01 06:20:01,0.3818368411942786
2025-01-01 06:20:17,0.3907596626537253
2025-01-01 06:20:32,0.413683121386202
2025-01-01 06:20:48,0.4152853754726292
2025-01-01 06:21:04,0.45939905602887
2025-01-01 06:21:19,0.3914990156017406
2025-01-01 06:21:34,0.4205415969747941
2025-01-01 06:21:49,0.4183432799019552
2025-01-01 06:22:04,0.4494025953313867
2025-01-01 06:22:19,0.4378896570003254
2025-01-01 06:22:35,0.3700395877628246
2025-01-01 06:22:50,0.3831516989862055
2025-01-01 06:23:05,0.3912858015326212
2025-01-01 06:23:20,0.3750528583918843
2025-01-01 06:23:35,0.4775332275662962
2025-01-01 06:23:51,
2025-01-01 06:24:06,0.4115806775443766
2025-01-01 06:24:21,0.3969457373573146
2025-01-01 06:24:36,0.4735239900072289
2025-01-01 06:24:51,0.4335667875904329
2025-01-01 06:25:06,0.4193901362867403
2025-01-01 06:25:21,0.4239616650479957
2025-01-01 06:25:36,0.4203206932426277
2025-01-01 06:25:51,0.4187659653896545
2025-01-01 06:26:06,0.4133970988441827
2025-01-01 06:26:21,0.4334548955648083
2025-01-01 06:26:36,0.4464935513833579
2025-01-01 06:26:51,0.3560735976736884
2025-01-01 06:27:06,0.4252283325418095
2025-01-01 06:27:22,0.4363732090897257
2025-01-01 06:27:37,0.365125650423605
2025-01-01 06:27:52,0.4157218293223405
2025-01-01 06:28:07,0.4102379747691373
2025-01-01 06:28:22,0.4358299223511144
2025-01-01 06:28:37,
2025-01-01 06:28:52,0.417638161063124
2025-01-01 06:29:07,0.4167487817198387
2025-01-01 06:29:22,0.41162506881162
2025-01-01 06:29:37,0.3850330159414448
2025-01-01 06:29:53,0.4576193709190791
2025-01-01 06:30:08,0.4602261174941434
2025-01-01 06:30:23,0.4288875936377175
2025-01-01 06:30:38,0.4397030358100104
2025-01-01 06:30:53,0.4483163774102663
2025-01-01 06:31:08,0.397770253181431
2025-01-01 06:31:23,0.4807213182555743
2025-01-01 06:31:39,0.4293316497246587
2025-01-01 06:31:55,0.4370780252856195
2025-01-01 06:32:10,0.4337172152341601
2025-01-01 06:32:25,0.4448720416680002
2025-01-01 06:32:41,0.3866028428722894
2025-01-01 06:32:56,0.4320834432100694
2025-01-01 06:33:11,0.4694894119377465
2025-01-01 06:33:27,0.4663231414759846
2025-01-01 06:33:42,0.3911264539384294
2025-01-01 06:33:57,0.480302856514699
2025-01-01 06:34:13,0.4599186090434074
2025-01-01 06:34:28,0.3933216694652934
2025-01-01 06:34:43,0.455398141063995
2025-01-01 06:34:58,0.4689240456961775
2025-01-01 06:35:13,0.4121837966088549
2025-01-01 06:35:28,0.469981855998756
2025-01-01 06:35:43,0.4552344477057887
2025-01-01 06:35:58,0.4643798626034452
2025-01-01 06:36:13,0.4246526406593131
2025-01-01 06:36:28,0.4427807683405977
2025-01-01 06:36:43,
2025-01-01 06:36:58,0.4366394944297605
2025-01-01 06:37:14,0.416950588061011
2025-01-01 06:37:30,0.4583255079113928
2025-01-01 06:37:45,0.4171830171973569
2025-01-01 06:38:00,0.4549979459140233
2025-01-01 06:38:15,0.4320840343778122
2025-01-01 06:38:30,0.4409403870087007
2025-01-01 06:38:45,0.4377245322350162
2025-01-01 06:39:00,0.3975062947079942
2025-01-01 06:39:15,0.4963372545298892
2025-01-01 06:39:30,0.4584379377722413
2025-01-01 06:39:45,0.4294661195447719
2025-01-01 06:40:01,0.4554099413001511
2025-01-01 06:40:16,0.4367247937407387
2025-01-01 06:40:31,0.4746994695051811
2025-01-01 06:40:46,0.4580065282337222
2025-01-01 06:41:01,0.4257468867258037
2025-01-01 06:41:16,0.4699165077114736
2025-01-01 06:41:31,0.4337834701953595
2025-01-01 06:41:46,0.4534240603229026
2025-01-01 06:42:01,0.4334538039234973
2025-01-01 06:42:16,0.4448568040185083
2025-01-01 06:42:31,0.403347230008647
2025-01-01 06:42:46,
2025-01-01 06:43:01,0.4682841793796107
2025-01-01 06:43:16,0.491886290857263
2025-01-01 06:43:31,0.4469633591603792
2025-01-01 06:43:46,0.4918094251649401
2025-01-01 06:44:01,0.4689930164679572
2025-01-01 06:44:16,0.4740695002487818
2025-01-01 06:44:31,0.4408630905730091
2025-01-01 06:44:46,0.4497665019268562
2025-01-01 06:45:01,0.4833657471956096
2025-01-01 06:45:17,0.4096870517295968
2025-01-01 06:45:33,0.4583339658075986
2025-01-01 06:45:48,0.4843272459456721
2025-01-01 06:46:03,0.4607365971788139
2025-01-01 06:46:18,0.4617393459281061
2025-01-01 06:46:34,0.4958980571300949
2025-01-01 06:46:49,0.4763923850721566
2025-01-01 06:47:05,0.4157104563369233
2025-01-01 06:47:20,0.5262024027461829
2025-01-01 06:47:35,0.4569477138312968
2025-01-01 06:47:50,0.4604870557236546
2025-01-01 06:48:05,0.4243657633721256
2025-01-01 06:48:20,0.4152640268689551
2025-01-01 06:48:35,0.475058955865391
2025-01-01 06:48:50,0.4092447722439244
2025-01-01 06:49:05,0.465355156293874
2025-01-01 06:49:20,0.4526173624597951
2025-01-01 06:49:35,0.4313570988049384
2025-01-01 06:49:50,0.4794249167910605
2025-01-01 06:50:05,0.4744984421706159
2025-01-01 06:50:20,0.4672546526056473
2025-01-01 06:50:35,0.4210578887433903
2025-01-01 06:50:50,0.4260099736537994
2025-01-01 06:51:05,0.4215468211179322
2025-01-01 06:51:20,0.4374385316148338
2025-01-01 06:51:35,0.4739207786877072
2025-01-01 06:51:50,0.4497526613954907
2025-01-01 06:52:05,0.4722775472811762
2025-01-01 06:52:20,
2025-01-01 06:52:35,0.4616117250954866
2025-01-01 06:52:50,0.4964437491613874
2025-01-01 06:53:05,0.4761463787821444
2025-01-01 06:53:20,0.5238701349705793
2025-01-01 06:53:35,0.4597869752015487
2025-01-01 06:53:50,0.4972464169621723
2025-01-01 06:54:05,0.4535100988194851
2025-01-01 06:54:20,0.4344132273567945
2025-01-01 06:54:35,
2025-01-01 06:54:50,0.4740253340689701
2025-01-01 06:55:06,0.5133028678667079
2025-01-01 06:55:21,0.4876539344359724
2025-01-01 06:55:36,0.4690731088654986
2025-01-01 06:55:51,0.4550766686155761
2025-01-01 06:56:06,0.4875240323051532
2025-01-01 06:56:21,0.4327944149713738
2025-01-01 06:56:36,0.4809361758093343
2025-01-01 06:56:51,0.5143165046482707
2025-01-01 06:57:07,0.4718858988905484
2025-01-01 06:57:23,0.5132223304601844
2025-01-01 06:57:38,0.4650759520814653
2025-01-01 06:57:53,0.4735861706607248
2025-01-01 06:58:09,0.5484685401842049
2025-01-01 06:58:24,0.4944200170167286
2025-01-01 06:58:39,0.4130151449330592
2025-01-01 06:58:54,0.4712355570725776
2025-01-01 06:59:09,0.5167162785328181
2025-01-01 06:59:24,0.4759370889743703
2025-01-01 06:59:39,0.4932039710252155
2025-01-01 06:59:54,0.4633067433679008
2025-01-01 07:00:10,0.4759182687602886
2025-01-01 07:00:25,0.5029887403294124
2025-01-01 07:00:40,0.4931860932632745
2025-01-01 07:00:56,0.5129178563424797
2025-01-01 07:01:11,0.4994224467271403
2025-01-01 07:01:26,0.4689073529156696
2025-01-01 07:01:41,0.5107504758627737
2025-01-01 07:01:56,0.4882923043966762
2025-01-01 07:02:12,0.5150885274679636
2025-01-01 07:02:28,0.4674690845431373
2025-01-01 07:02:43,0.4788420290974587
2025-01-01 07:02:58,0.5753633932531202
2025-01-01 07:03:13,
2025-01-01 07:03:28,0.4844133345380375
2025-01-01 07:03:43,0.433424581871112
2025-01-01 07:03:58,0.5294286086904311
2025-01-01 07:04:13,0.4945877700210827
2025-01-01 07:04:29,0.5110005110194329
2025-01-01 07:04:44,0.532056887545078
2025-01-01 07:04:59,0.5214663513013308
2025-01-01 07:05:14,0.4783070630205927
2025-01-01 07:05:29,0.5483885362004045
2025-01-01 07:05:44,0.464303098775388
2025-01-01 07:05:59,0.4929892662198242
2025-01-01 07:06:15,0.4942598109523239
2025-01-01 07:06:31,
2025-01-01 07:06:46,0.4649985251130086
2025-01-01 07:07:01,0.5202442032115061
2025-01-01 07:07:16,0.5167200945318747
2025-01-01 07:07:32,0.4787257803932695
2025-01-01 07:07:47,0.5158647314094256
2025-01-01 07:08:02,0.4848124762214637
2025-01-01 07:08:17,0.5077416009238689
2025-01-01 07:08:32,0.5007495674078992
2025-01-01 07:08:47,0.5118510971101411
2025-01-01 07:09:03,0.474505390181217
2025-01-01 07:09:18,0.5110493941185165
2025-01-01 07:09:34,0.5095390260542912
2025-01-01 07:09:49,0.505062151874292
2025-01-01 07:10:04,0.4651804187962619
2025-01-01 07:10:19,0.4850518185661489
2025-01-01 07:10:34,0.5487546572099599
2025-01-01 07:10:49,0.4978309101186305
2025-01-01 07:11:04,0.5081129695180082
2025-01-01 07:11:19,0.4905321700824098
2025-01-01 07:11:35,0.5132583778115214
2025-01-01 07:11:50,0.5113538814622223
2025-01-01 07:12:05,0.4770086747114181
2025-01-01 07:12:20,0.5189660436515015
2025-01-01 07:12:35,0.5263907856468989
2025-01-01 07:12:51,0.5513356710721024
2025-01-01 07:13:07,0.5303728076593022
2025-01-01 07:13:22,0.5597878478214595
2025-01-01 07:13:37,0.5182128187950394
2025-01-01 07:13:52,0.5148481966083632
2025-01-01 07:14:07,0.5281239859278615
2025-01-01 07:14:22,0.5479367545234243
2025-01-01 07:14:37,0.522964045545375
2025-01-01 07:14:52,
2025-01-01 07:15:07,0.5063843714709315
2025-01-01 07:15:22,0.5156298692190421
2025-01-01 07:15:38,0.5376369427519158
2025-01-01 07:15:54,0.5230182253840794
2025-01-01 07:16:10,0.522080035364821
2025-01-01 07:16:25,0.6190970586895191
2025-01-01 07:16:40,0.551469077177872
2025-01-01 07:16:55,0.5695532629043705
2025-01-01 07:17:10,
2025-01-01 07:17:25,0.5554213374585426
2025-01-01 07:17:40,0.5294203281731078
2025-01-01 07:17:55,0.5186178790499307
2025-01-01 07:18:10,
2025-01-01 07:18:25,0.6032400826508855
2025-01-01 07:18:40,0.5086184711705217
2025-01-01 07:18:55,0.524218033228786
2025-01-01 07:19:11,0.5239993689575148
2025-01-01 07:19:26,0.5628547516816627
2025-01-01 07:19:41,0.5450433296878396
2025-01-01 07:19:57,
2025-01-01 07:20:12,0.5004491648215753
2025-01-01 07:20:28,0.5703175657213068
2025-01-01 07:20:43,0.5205364855934819
2025-01-01 07:20:59,0.6333326978246182
2025-01-01 07:21:14,0.5037834300701932
2025-01-01 07:21:29,0.5256992474556519
2025-01-01 07:21:44,0.5222809753115272
2025-01-01 07:21:59,0.5247686245273467
2025-01-01 07:22:14,0.5561783850856882
2025-01-01 07:22:29,0.5645456114345458
2025-01-01 07:22:44,0.5797187391554256
2025-01-01 07:22:59,0.6061264723004934
2025-01-01 07:23:14,0.5675611221768556
2025-01-01 07:23:29,0.6174610478906399
2025-01-01 07:23:44,0.5825931745416824
2025-01-01 07:23:59,0.5615177307657139
2025-01-01 07:24:14,0.6063005158984294
2025-01-01 07:24:29,0.5418758105541159
2025-01-01 07:24:44,0.5400606299087497
2025-01-01 07:24:59,
2025-01-01 07:25:14,0.5421241427826735
2025-01-01 07:25:29,0.5693556064360933
2025-01-01 07:25:44,
2025-01-01 07:25:59,0.5176110070961852
2025-01-01 07:26:14,0.5082559265302299
2025-01-01 07:26:30,0.5194833282807256
2025-01-01 07:26:45,0.5510626188783696
2025-01-01 07:27:01,0.5772705524167729
2025-01-01 07:27:16,0.5762636059856652
2025-01-01 07:27:31,0.552187939402949
2025-01-01 07:27:46,
2025-01-01 07:28:01,0.5771389454769056
2025-01-01 07:28:16,0.5880471173893084
2025-01-01 07:28:31,0.5939639795507384
2025-01-01 07:28:46,0.5569792046026016
2025-01-01 07:29:02,0.5608358379837813
2025-01-01 07:29:17,0.5782613500943786
2025-01-01 07:29:32,0.5793881537503706
2025-01-01 07:29:47,0.5428239218933717
2025-01-01 07:30:02,0.5940533348621786
2025-01-01 07:30:17,0.5796828526233294
2025-01-01 07:30:32,0.5640629436374297
2025-01-01 07:30:48,0.6266552545791466
2025-01-01 07:31:04,0.5824707853370836
2025-01-01 07:31:20,0.5510952516002351
2025-01-01 07:31:36,0.5350175482625675
2025-01-01 07:31:51,0.5664712331219435
2025-01-01 07:32:06,0.5265092502067147
2025-01-01 07:32:21,0.600848741406509
2025-01-01 07:32:36,0.5472531663326785
2025-01-01 07:32:51,0.5832402121465408
2025-01-01 07:33:06,0.5884549479742256
2025-01-01 07:33:21,0.5328032937316831
2025-01-01 07:33:37,0.5744929388217747
2025-01-01 07:33:52,0.5330270795628661
2025-01-01 07:34:07,0.5718747318533293
2025-01-01 07:34:22,0.5874909270035776
2025-01-01 07:34:37,0.5502158998759733
2025-01-01 07:34:53,0.5849855068803662
2025-01-01 07:35:08,0.6004714464661052
2025-01-01 07:35:23,0.5863445125773655
2025-01-01 07:35:38,
2025-01-01 07:35:53,
2025-01-01 07:36:08,0.6021952520357577
2025-01-01 07:36:23,0.5772967577514728
2025-01-01 07:36:38,0.6443047169105268
2025-01-01 07:36:53,0.5970715428045158
2025-01-01 07:37:08,0.6015867352044406
2025-01-01 07:37:23,0.6235306802860806
2025-01-01 07:37:39,0.5303347825503052
2025-01-01 07:37:54,0.5579535848778195
2025-01-01 07:38:09,0.5201724764621471
2025-01-01 07:38:24,0.5235104363704998
2025-01-01 07:38:39,0.6139437811433117
2025-01-01 07:38:54,0.5813428322089585
2025-01-01 07:39:09,0.5852217935518806
2025-01-01 07:39:24,0.5686121617586749
2025-01-01 07:39:39,0.6001971231782721
2025-01-01 07:39:55,0.623119527771674
2025-01-01 07:40:10,0.636217040057926
2025-01-01 07:40:25,0.5663491226663584
2025-01-01 07:40:40,0.5378447939194821
2025-01-01 07:40:55,0.6029634685133224
2025-01-01 07:41:10,0.5569944901261731
2025-01-01 07:41:25,0.5940209058743722
2025-01-01 07:41:40,0.6062393057907143
2025-01-01 07:41:55,0.6294049682274658
2025-01-01 07:42:10,0.5355784256837975
2025-01-01 07:42:26,0.5505322222043303
2025-01-01 07:42:41,0.6696460500089146
2025-01-01 07:42:57,0.5793404593655389
2025-01-01 07:43:12,0.5679775384929285
2025-01-01 07:43:27,0.6258081167776415
2025-01-01 07:43:42,0.5973682503671214
2025-01-01 07:43:57,
2025-01-01 07:44:12,0.5913774784009062
2025-01-01 07:44:27,0.6187316598954945
2025-01-01 07:44:42,0.5714231377745486
2025-01-01 07:44:57,0.5780900009834222
2025-01-01 07:45:12,0.530499779337675
2025-01-01 07:45:27,0.5360917008568699
2025-01-01 07:45:42,0.6084462712958606
2025-01-01 07:45:58,0.6210357957461283
2025-01-01 07:46:14,0.6081738506370339
2025-01-01 07:46:29,0.6446841561321536
2025-01-01 07:46:45,0.5919337921391855
2025-01-01 07:47:00,0.5695054570037743
2025-01-01 07:47:15,0.564118996598158
2025-01-01 07:47:30,0.5675845391547646
2025-01-01 07:47:46,0.6261896529058224
2025-01-01 07:48:01,0.6392062076014466
2025-01-01 07:48:16,0.5942086896992576
2025-01-01 07:48:31,0.6204551139517267
2025-01-01 07:48:46,0.5864328217919705
2025-01-01 07:49:02,0.607581128889055
2025-01-01 07:49:17,0.59413438804979
2025-01-01 07:49:32,0.6019487369269574
2025-01-01 07:49:47,0.598799648738377
2025-01-01 07:50:02,0.6359119360022631
2025-01-01 07:50:17,0.5704435499860447
2025-01-01 07:50:32,0.6680431055443149
2025-01-01 07:50:47,
2025-01-01 07:51:03,0.6663629013268585
2025-01-01 07:51:18,0.6071259026394219
2025-01-01 07:51:33,0.6145119603641729
2025-01-01 07:51:48,0.5842450254607442
2025-01-01 07:52:03,0.6052042973048296
2025-01-01 07:52:18,
2025-01-01 07:52:33,0.6582358735553578
2025-01-01 07:52:48,0.6310385618421205
2025-01-01 07:53:03,0.6404864008387384
2025-01-01 07:53:18,0.6096204271638378
2025-01-01 07:53:33,0.5763002219885435
2025-01-01 07:53:49,0.6232514975370618
2025-01-01 07:54:04,0.6325395284614909
2025-01-01 07:54:20,0.5261024162126839
2025-01-01 07:54:36,0.616572148059322
2025-01-01 07:54:51,
2025-01-01 07:55:06,0.6128827223777938
2025-01-01 07:55:21,0.6187650174453976
2025-01-01 07:55:36,0.6039676100372242
2025-01-01 07:55:51,0.6399204174017071
2025-01-01 07:56:06,0.568265386820232
2025-01-01 07:56:21,0.6267693894635419
2025-01-01 07:56:36,0.6563157211548004
2025-01-01 07:56:51,0.6392289134260052
2025-01-01 07:57:06,0.5911401595718789
2025-01-01 07:57:21,0.5818040146247735
2025-01-01 07:57:36,0.5832813657302923
2025-01-01 07:57:51,0.6271727818754655
2025-01-01 07:58:06,
2025-01-01 07:58:21,0.6542818162066718
2025-01-01 07:58:36,0.6562212664009675
2025-01-01 07:58:51,0.6561920704804276
2025-01-01 07:59:06,0.6613461016359078
2025-01-01 07:59:21,0.6271072285804012
2025-01-01 07:59:36,0.5896653583641048
2025-01-01 07:59:51,0.5840129981696358
2025-01-01 08:00:06,0.6141933496093175
2025-01-01 08:00:23,0.6662635088239056
2025-01-01 08:00:38,0.6163022146672777
2025-01-01 08:00:53,0.6166267317987525
2025-01-01 08:01:08,0.6485832331748791
2025-01-01 08:01:23,0.6454477451983224
2025-01-01 08:01:38,0.6412052133014774
2025-01-01 08:01:53,0.6196233837913341
2025-01-01 08:02:08,0.6451979853907002
2025-01-01 08:02:23,0.6061542386749393
2025-01-01 08:02:38,0.6436718293492233
2025-01-01 08:02:53,0.6249992444647676
2025-01-01 08:03:08,0.6576313563763799
2025-01-01 08:03:23,0.6055144007251375
2025-01-01 08:03:38,0.6401081411480839
2025-01-01 08:03:53,0.5975898295705615
2025-01-01 08:04:09,
2025-01-01 08:04:24,0.6106712928136394
2025-01-01 08:04:39,0.670079805279418
2025-01-01 08:04:56,0.6549830359752219
2025-01-01 08:05:11,0.6793501082619076
2025-01-01 08:05:28,0.6028926313493257
2025-01-01 08:05:43,0.6402557218956156
2025-01-01 08:05:58,0.6041243184963387
2025-01-01 08:06:13,0.6921751807412011
2025-01-01 08:06:28,0.6443914599470373
2025-01-01 08:06:45,0.6457171013413046
2025-01-01 08:07:00,0.6174701277100941
2025-01-01 08:07:16,0.6121320965791538
2025-01-01 08:07:31,0.6274383015108903
2025-01-01 08:07:47,0.6446233303808019
2025-01-01 08:08:02,0.6230622021349326
2025-01-01 08:08:17,0.6428967989524286
2025-01-01 08:08:32,0.6479290272130961
2025-01-01 08:08:47,0.5949665123659614
2025-01-01 08:09:02,0.5916187263374251
2025-01-01 08:09:17,0.6450574276694256
2025-01-01 08:09:32,0.6462495263668665
2025-01-01 08:09:47,
2025-01-01 08:10:02,0.6994610350563751
2025-01-01 08:10:17,0.6544772835519496
2025-01-01 08:10:32,0.6424964738859963
2025-01-01 08:10:47,0.6806866955279928
2025-01-01 08:11:02,0.6343653422189659
2025-01-01 08:11:17,0.6135989213299019
2025-01-01 08:11:32,0.6003178153937866
2025-01-01 08:11:47,0.6874854904528241
2025-01-01 08:12:02,0.6378014923624302
2025-01-01 08:12:17,0.5830376010391054
2025-01-01 08:12:32,0.6080383177091988
2025-01-01 08:12:47,0.6659855070659387
2025-01-01 08:13:02,0.6371578415457778
2025-01-01 08:13:17,0.6328409103874718
2025-01-01 08:13:32,0.6036488028985464
2025-01-01 08:13:47,0.6277552652996208
2025-01-01 08:14:02,0.6984933856115224
2025-01-01 08:14:17,0.6589917248790396
2025-01-01 08:14:32,0.6416320941280295
2025-01-01 08:14:47,0.6756033375092242
2025-01-01 08:15:02,0.6517168102266425
2025-01-01 08:15:17,0.63869207073323
2025-01-01 08:15:32,0.7154199923112935
2025-01-01 08:15:47,0.6217372391383716
2025-01-01 08:16:02,0.694802834797501
2025-01-01 08:16:17,0.6874610657246074
2025-01-01 08:16:33,0.628021309699666
2025-01-01 08:16:48,0.6763753650993604
2025-01-01 08:17:03,0.6822009898541637
2025-01-01 08:17:18,0.6643762655088821
2025-01-01 08:17:33,0.6420420523184658
2025-01-01 08:17:48,0.6194736239979196
2025-01-01 08:18:03,0.6354228619964502
2025-01-01 08:18:18,0.6500283140379942
2025-01-01 08:18:33,0.683921359166045
2025-01-01 08:18:48,0.6933240767939537
2025-01-01 08:19:03,0.6713267705250824
2025-01-01 08:19:18,
2025-01-01 08:19:33,0.6267704166797009
2025-01-01 08:19:48,0.6412730699566692
2025-01-01 08:20:03,0.6302475288279058
2025-01-01 08:20:18,0.6407264932834389
2025-01-01 08:20:33,0.6339573011745536
2025-01-01 08:20:48,0.6502520145626433
2025-01-01 08:21:03,0.6877135769567377
2025-01-01 08:21:18,0.6087451566772121
2025-01-01 08:21:33,0.6692456167494452
2025-01-01 08:21:48,0.6746166438313332
2025-01-01 08:22:03,0.660346725125789
2025-01-01 08:22:18,0.653616957321205
2025-01-01 08:22:33,0.650206190519549
2025-01-01 08:22:48,0.6770950743850481
2025-01-01 08:23:04,0.655512600154231
2025-01-01 08:23:19,0.7006220350081893
2025-01-01 08:23:34,
2025-01-01 08:23:49,0.6725631152990866
2025-01-01 08:24:04,0.7110808320348301
2025-01-01 08:24:19,0.610070343167048
2025-01-01 08:24:34,0.5856493006013784
2025-01-01 08:24:49,
2025-01-01 08:25:05,0.6301502912191118
2025-01-01 08:25:20,0.6699131881496617
2025-01-01 08:25:35,0.650518376832518
2025-01-01 08:25:51,0.6865213186250367
2025-01-01 08:26:06,0.6331924120475779
2025-01-01 08:26:21,0.6621602772421249
2025-01-01 08:26:36,0.6904198879942022
2025-01-01 08:26:51,0.6586074239851936
2025-01-01 08:27:06,0.6619612974423709
2025-01-01 08:27:21,0.6517780617091437
2025-01-01 08:27:36,0.6427227306127163
2025-01-01 08:27:52,0.6549248222830766
2025-01-01 08:28:07,0.6676004679460642
2025-01-01 08:28:22,0.6843839299273197
2025-01-01 08:28:37,0.6419206144038881
2025-01-01 08:28:53,0.6521246412049958
2025-01-01 08:29:08,0.6801286853064645
2025-01-01 08:29:23,0.6736592504637968
2025-01-01 08:29:38,0.6388532965331831
2025-01-01 08:29:53,0.6991785413451893
2025-01-01 08:30:08,0.646913454002686
2025-01-01 08:30:23,0.6443663776290236
2025-01-01 08:30:38,
2025-01-01 08:30:53,0.7053829355656864
2025-01-01 08:31:08,0.7272786075809344
2025-01-01 08:31:23,0.6403144250482452
2025-01-01 08:31:38,0.6913582598781767
2025-01-01 08:31:53,0.6661096423571551
2025-01-01 08:32:08,0.6609820770132123
2025-01-01 08:32:23,0.6206395674174976
2025-01-01 08:32:38,0.6891568205477391
2025-01-01 08:32:53,0.706115766844738
2025-01-01 08:33:08,0.6378546025925343
2025-01-01 08:33:23,0.7181173137939294
2025-01-01 08:33:39,0.6748913208034143
2025-01-01 08:33:54,0.7066190407301091
2025-01-01 08:34:09,0.6836580855330491
2025-01-01 08:34:24,0.6640973703817059
2025-01-01 08:34:40,
2025-01-01 08:34:55,0.6501569298593528
2025-01-01 08:35:10,
2025-01-01 08:35:25,0.6460750733742597
2025-01-01 08:35:40,0.6765482934139534
2025-01-01 08:35:56,0.6599199575381619
2025-01-01 08:36:11,0.6545724779854486
2025-01-01 08:36:28,0.6853134585786792
2025-01-01 08:36:43,0.7355962150262491
2025-01-01 08:36:58,0.6704055065876161
2025-01-01 08:37:13,0.7280090222794787
2025-01-01 08:37:29,0.6424620413986297
2025-01-01 08:37:44,0.7162976923963912
2025-01-01 08:37:59,0.6985796384309912
2025-01-01 08:38:14,
2025-01-01 08:38:30,0.6760131873469805
2025-01-01 08:38:45,0.6497693847053596
2025-01-01 08:39:01,0.6584448856810204
2025-01-01 08:39:16,0.6945963100714535
2025-01-01 08:39:31,0.6642760182627164
2025-01-01 08:39:47,0.666239036688346
2025-01-01 08:40:03,0.6834708763063218
2025-01-01 08:40:18,0.7178609575985438
2025-01-01 08:40:33,0.6535826248247563
2025-01-01 08:40:48,0.6679709471692478
2025-01-01 08:41:03,0.6833274809781341
2025-01-01 08:41:18,0.6387080495050873
2025-01-01 08:41:33,0.6711361993685806
2025-01-01 08:41:49,0.7073819679364516
2025-01-01 08:42:05,0.6769637499083284
2025-01-01 08:42:21,0.6918585312710139
2025-01-01 08:42:36,0.7006830049936366
2025-01-01 08:42:51,0.6633914778195119
2025-01-01 08:43:06,0.731138171513851
2025-01-01 08:43:21,0.664396218611308
2025-01-01 08:43:36,0.6703501077442785
2025-01-01 08:43:51,0.6724256225089017
2025-01-01 08:44:06,0.6496198607667082
2025-01-01 08:44:21,0.6950949006094707
2025-01-01 08:44:36,
2025-01-01 08:44:51,0.6896443588380503
2025-01-01 08:45:06,0.706277944694881
2025-01-01 08:45:22,0.7101387410685545
2025-01-01 08:45:37,0.6920772810986532
2025-01-01 08:45:52,0.6469246959124199
2025-01-01 08:46:07,0.6768987912581056
2025-01-01 08:46:22,0.6621355187690205
2025-01-01 08:46:37,0.6241601755281677
2025-01-01 08:46:53,0.6863091994207879
2025-01-01 08:47:08,0.6708410182698432
2025-01-01 08:47:23,0.6971574019342367
2025-01-01 08:47:38,0.6074987309470501
2025-01-01 08:47:53,0.6872919848019463
2025-01-01 08:48:08,0.6798728001154117
2025-01-01 08:48:23,0.6912987316650788
2025-01-01 08:48:38,0.6666714153647422
2025-01-01 08:48:53,0.6788287562458915
2025-01-01 08:49:08,0.6834225396188537
2025-01-01 08:49:23,0.6630832600078255
2025-01-01 08:49:38,0.6142817032557805
2025-01-01 08:49:53,0.6193614037128515
2025-01-01 08:50:09,0.6751639696785721
2025-01-01 08:50:25,0.638738156828969
2025-01-01 08:50:40,0.6636694854674798
2025-01-01 08:50:58,0.6660245442558688
2025-01-01 08:51:13,0.706693612941131
2025-01-01 08:51:28,0.6946436194567979
2025-01-01 08:51:44,
2025-01-01 08:51:59,0.6192653124836872
2025-01-01 08:52:14,0.7155561668122016
2025-01-01 08:52:29,0.6337291330081817
2025-01-01 08:52:45,0.66406331553079
2025-01-01 08:53:00,0.6491025283832298
2025-01-01 08:53:15,0.6826598984281544
2025-01-01 08:53:30,0.646465815819734
2025-01-01 08:53:45,0.7334115837195443
2025-01-01 08:54:00,0.6768090355078967
2025-01-01 08:54:15,0.6562854257779035
2025-01-01 08:54:30,0.6750537980470535
2025-01-01 08:54:45,0.6869416268955088
2025-01-01 08:55:00,0.695574406618542
2025-01-01 08:55:16,0.6384346476030072
2025-01-01 08:55:31,0.6716732621281957
2025-01-01 08:55:47,0.7022541089902044
2025-01-01 08:56:02,0.6918253216782935
2025-01-01 08:56:17,0.693976195257325
2025-01-01 08:56:32,0.6778818321154255
2025-01-01 08:56:47,0.7086959744432544
2025-01-01 08:57:02,0.7047060789181091
2025-01-01 08:57:17,0.6948368847299661
2025-01-01 08:57:32,0.6230628691234974
2025-01-01 08:57:47,0.6766996511413231
2025-01-01 08:58:02,0.6567635838652022
2025-01-01 08:58:17,0.6434887892616603
2025-01-01 08:58:32,0.6490657610863958
2025-01-01 08:58:48,0.6926275808010153
2025-01-01 08:59:03,0.6562224075153118
2025-01-01 08:59:19,0.6699135673557194
2025-01-01 08:59:34,0.7034475090237651
2025-01-01 08:59:50,0.6621573866325962
2025-01-01 09:00:05,0.7047007786438327
2025-01-01 09:00:20,
2025-01-01 09:00:36,0.6902427433417141
2025-01-01 09:00:51,0.6845667686004578
2025-01-01 09:01:06,0.6180102334082983
2025-01-01 09:01:21,0.7270691105916101
2025-01-01 09:01:36,0.6317034038390711
2025-01-01 09:01:51,0.6426127983571724
2025-01-01 09:02:06,0.6818614958952028
2025-01-01 09:02:21,0.6898375849242312
2025-01-01 09:02:36,0.6831666235875644
2025-01-01 09:02:51,0.6748393762903152
2025-01-01 09:03:06,0.6736058754171252
2025-01-01 09:03:21,0.7183179038344041
2025-01-01 09:03:36,0.665045058152979
2025-01-01 09:03:51,0.6549264917627146
2025-01-01 09:04:06,0.6357645695126806
2025-01-01 09:04:21,
2025-01-01 09:04:36,0.6750709005968538
2025-01-01 09:04:51,0.6636650233730605
2025-01-01 09:05:07,0.604187467837036
2025-01-01 09:05:22,0.7384952948784035
2025-01-01 09:05:38,0.6617037815534674
2025-01-01 09:05:54,0.6815712969449301
2025-01-01 09:06:09,0.7200150423197397
2025-01-01 09:06:24,
2025-01-01 09:06:40,0.6599308844598047
2025-01-01 09:06:55,0.6530947296737842
2025-01-01 09:07:10,0.6597767231586189
2025-01-01 09:07:25,0.6887470204556745
2025-01-01 09:07:40,0.6540675140830832
2025-01-01 09:07:55,0.7247638272194327
2025-01-01 09:08:10,0.6410387330412504
2025-01-01 09:08:25,0.6655463943972052
2025-01-01 09:08:40,0.6617594831505499
2025-01-01 09:08:55,0.7252715682768025
2025-01-01 09:09:10,0.661509411839065
2025-01-01 09:09:26,0.6447006195666369
2025-01-01 09:09:41,0.6880315238357528
2025-01-01 09:09:56,0.7107967255397204
2025-01-01 09:10:11,0.6972756908309227
2025-01-01 09:10:26,0.7570778233813554
2025-01-01 09:10:41,0.6497945289818946
2025-01-01 09:10:56,0.6906081505801348
2025-01-01 09:11:12,0.6419358824579439
2025-01-01 09:11:27,0.7190731330262218
2025-01-01 09:11:42,0.6507604927300908
2025-01-01 09:11:57,0.6679852701756296
2025-01-01 09:12:12,0.6337458898507305
2025-01-01 09:12:27,0.5995585311301095
2025-01-01 09:12:42,0.7048207395506517
2025-01-01 09:12:57,
2025-01-01 09:13:12,0.6969597867499806
2025-01-01 09:13:27,0.7008688284031059
2025-01-01 09:13:43,0.6766275141495611
2025-01-01 09:13:58,0.6706245112659696
2025-01-01 09:14:13,0.676230273845139
2025-01-01 09:14:28,0.6536245544829775
2025-01-01 09:14:43,0.6652376761274225
2025-01-01 09:14:58,0.6541972893601017
2025-01-01 09:15:13,0.7037703707155257
2025-01-01 09:15:28,0.6985121717287051
2025-01-01 09:15:43,0.6618911869774793
2025-01-01 09:15:58,0.6959028278280028
2025-01-01 09:16:13,0.6574075338855698
2025-01-01 09:16:28,0.6137645436160656
2025-01-01 09:16:43,0.632132780395829
2025-01-01 09:16:58,0.6400943520049082
2025-01-01 09:17:13,0.6776232482427182
2025-01-01 09:17:28,
2025-01-01 09:17:44,0.6642018117308451
2025-01-01 09:17:59,0.6866469194829852
2025-01-01 09:18:14,0.6805487738430378
2025-01-01 09:18:29,0.6155815621112962
2025-01-01 09:18:44,0.6688859762513882
2025-01-01 09:18:59,0.7068663995192692
2025-01-01 09:19:14,
2025-01-01 09:19:29,0.6397907933257264
2025-01-01 09:19:44,0.6605302607190469
2025-01-01 09:19:59,0.6848695750329831
2025-01-01 09:20:14,0.6412425801168836
2025-01-01 09:20:29,0.6375641355833467
2025-01-01 09:20:44,0.6579763560550722
2025-01-01 09:20:59,0.653875929282099
2025-01-01 09:21:14,0.7042688070823732
2025-01-01 09:21:30,0.6418275687576928
2025-01-01 09:21:46,0.6808151185506006
2025-01-01 09:22:01,0.666858711754887
2025-01-01 09:22:16,0.7160947570398573
2025-01-01 09:22:31,0.6782949198672779
2025-01-01 09:22:46,0.593544047032289
2025-01-01 09:23:01,0.7142548500235801
2025-01-01 09:23:16,0.6598401024996097
2025-01-01 09:23:31,0.685137986589283
2025-01-01 09:23:47,0.70049584008602
2025-01-01 09:24:02,0.6908998248086566
2025-01-01 09:24:17,0.6674085239523522
2025-01-01 09:24:32,0.6585065978405364
2025-01-01 09:24:47,0.6251877363651808
2025-01-01 09:25:02,0.6368679008764324
2025-01-01 09:25:17,0.6786488876626116
2025-01-01 09:25:32,0.6413224230241904
2025-01-01 09:25:47,0.6440396683493518
2025-01-01 09:26:02,
2025-01-01 09:26:17,0.7259581064100648
2025-01-01 09:26:32,0.6741330408937145
2025-01-01 09:26:47,0.638558510029954
2025-01-01 09:27:03,0.6794799071410144
2025-01-01 09:27:18,0.6666982200222616
2025-01-01 09:27:33,0.6208430660678749
2025-01-01 09:27:48,0.6273379997693321
2025-01-01 09:28:03,0.6417300079969347
2025-01-01 09:28:18,0.6674111898060276
2025-01-01 09:28:33,0.6528796321409425
2025-01-01 09:28:48,0.6503686482650622
2025-01-01 09:29:03,0.6841328820204309
2025-01-01 09:29:18,0.6052070641252008
2025-01-01 09:29:35,0.6695504072240476
2025-01-01 09:29:50,0.6602551535846638
2025-01-01 09:30:05,0.6579257480809539
2025-01-01 09:30:20,0.6347317291188395
2025-01-01 09:30:35,0.6532749666397151
2025-01-01 09:30:50,0.6775413555333689
2025-01-01 09:31:06,0.724808240736995
2025-01-01 09:31:21,0.6106595699729448
2025-01-01 09:31:36,0.6874378001105235
2025-01-01 09:31:51,0.6689730293586332
2025-01-01 09:32:06,0.6854885676201876
2025-01-01 09:32:21,0.5858610983050806
2025-01-01 09:32:36,0.6367600387260196
2025-01-01 09:32:51,0.6673428440572701
2025-01-01 09:33:06,0.6579356128984185
2025-01-01 09:33:21,0.6404596374608846
2025-01-01 09:46:56,
2025-01-01 09:58:02,0.6132686323413529
2025-01-01 10:08:37,0.6252203892731523
2025-01-01 10:16:51,0.5732140066661319
2025-01-01 10:32:37,0.6121540033259527
2025-01-01 10:37:59,0.5801044705729199
2025-01-01 10:38:14,0.5443814693366035
2025-01-01 10:38:29,0.5535505107405824
2025-01-01 10:38:44,0.5241176819976254
2025-01-01 10:39:00,0.5277309680588759
2025-01-01 10:39:15,0.5170690068916654
2025-01-01 10:39:30,0.4833008975975325
2025-01-01 10:39:45,0.5919730795211086
2025-01-01 10:40:00,0.467451791954299
2025-01-01 10:40:16,0.5546523369355368
2025-01-01 10:40:32,0.5440338553841785
2025-01-01 10:40:47,0.5590743447111763
2025-01-01 10:41:02,0.5687639408628429
2025-01-01 10:41:17,0.5457930814046652
2025-01-01 10:41:32,0.5337737703723949
2025-01-01 10:41:47,0.5348485961189732
2025-01-01 10:42:02,0.5912623779148155
2025-01-01 10:42:17,0.5529808031565652
2025-01-01 10:42:32,0.5492979754027751
2025-01-01 10:42:47,0.5602695538562962
2025-01-01 10:43:02,0.5731144693537868
2025-01-01 10:43:17,0.5190714910887876
2025-01-01 10:43:32,0.5616558869473829
2025-01-01 10:43:47,
2025-01-01 10:44:02,0.5379874681536025
2025-01-01 10:44:18,0.5655277573057544
2025-01-01 10:44:33,0.4719070503165465
2025-01-01 10:44:48,0.5683943398084379
2025-01-01 10:45:03,0.5111597107262371
2025-01-01 10:45:18,0.4658524614170553
2025-01-01 10:45:34,0.5503361052796641
2025-01-01 10:45:49,0.5153199290579733
2025-01-01 10:46:04,0.533794935687316
2025-01-01 10:46:19,0.5068083195088084
2025-01-01 10:46:34,0.5088645846747643
2025-01-01 10:46:49,0.5268394894519349
2025-01-01 10:47:04,0.4821109616290944
2025-01-01 10:47:19,0.570467691387489
2025-01-01 10:47:34,
2025-01-01 10:47:50,0.5076106114987469
2025-01-01 10:48:05,0.5187683623265036
2025-01-01 10:48:21,0.4929769853489146
2025-01-01 10:48:36,0.465872104222606
2025-01-01 10:48:51,0.571576755056974
2025-01-01 10:49:06,0.5463523325776806
2025-01-01 10:49:21,
2025-01-01 10:49:36,0.5274822505380369
2025-01-01 10:49:51,
2025-01-01 10:50:06,0.4875851359396271
2025-01-01 10:50:21,0.5142513476700252
2025-01-01 10:50:36,0.4745144952912454
2025-01-01 10:50:51,0.4964044762130445
2025-01-01 10:51:06,0.5861802357139846
2025-01-01 10:51:21,0.5873330837476398
2025-01-01 10:51:36,0.5656527442413892
2025-01-01 10:51:51,0.5245025472171265
2025-01-01 10:52:06,0.5334110952753184
2025-01-01 10:52:21,0.5068755068684162
2025-01-01 10:52:36,0.5260771600215239
2025-01-01 10:52:51,0.4841823236478746
2025-01-01 10:53:06,0.5765123451639894
2025-01-01 10:53:21,0.5192469853597539
2025-01-01 10:53:36,0.4893211391967819
2025-01-01 10:53:51,0.5112099657574645
2025-01-01 10:54:06,0.5110807033674757
2025-01-01 10:54:21,0.5221410559829646
2025-01-01 10:54:36,0.5125433779953587
2025-01-01 10:54:51,0.4700795573689516
2025-01-01 10:55:07,0.4580650708021143
2025-01-01 10:55:22,0.4582507882373596
2025-01-01 10:55:37,0.5291998063661334
2025-01-01 10:55:52,
2025-01-01 10:56:08,0.5123777926599667
2025-01-01 10:56:23,0.4582394212160946
2025-01-01 10:56:38,0.5300915920100308
2025-01-01 10:56:53,0.5457679304604157
2025-01-01 10:57:09,0.5619060957393143
2025-01-01 10:57:25,0.4618364370806216
2025-01-01 10:57:40,0.4871779723820105
2025-01-01 10:57:55,0.5134213526642702
2025-01-01 10:58:10,0.5156415062621283
2025-01-01 10:58:25,0.4955831644220296
2025-01-01 10:58:40,0.470250716747747
2025-01-01 10:58:55,0.5197669759379272
2025-01-01 10:59:10,0.5520853285877678
2025-01-01 10:59:25,0.5702102993617293
2025-01-01 10:59:40,0.5170370386077657
2025-01-01 10:59:55,0.4783816922127308
2025-01-01 11:00:10,0.5350788370706113
2025-01-01 11:00:26,0.4909016796846762
2025-01-01 11:00:41,0.4953909395516183
2025-01-01 11:00:56,0.522209314394992
2025-01-01 11:01:11,0.4921307717559628
2025-01-01 11:01:26,0.5362334178794976
2025-01-01 11:01:41,0.4464238704411198
2025-01-01 11:01:56,0.5206571337244048
2025-01-01 11:02:11,0.5240964976773894
2025-01-01 11:02:26,0.4663513634020786
2025-01-01 11:02:41,0.5054391404386036
2025-01-01 11:02:56,0.5196516458479524
2025-01-01 11:03:11,0.5284588886363581
2025-01-01 11:03:27,0.4947392987442113
2025-01-01 11:03:42,
2025-01-01 11:03:57,0.5265552192463008
2025-01-01 11:04:12,0.5080336593700328
2025-01-01 11:04:27,0.5236209810079621
2025-01-01 11:04:42,0.4812676677735465
2025-01-01 11:04:57,0.4955966966144118
2025-01-01 11:05:12,0.4498119371566296
2025-01-01 11:05:27,0.4725495808579988
2025-01-01 11:05:43,0.5281071890931588
2025-01-01 11:05:58,0.484132857980917
2025-01-01 11:06:13,0.5038070838626744
2025-01-01 11:06:28,0.5313612822783
2025-01-01 11:06:43,0.4812318924635773
2025-01-01 11:06:58,0.4799437868618969
2025-01-01 11:07:13,0.5509103151892311
2025-01-01 11:07:28,0.4595636614530671
2025-01-01 11:07:43,0.4816415463554452
2025-01-01 11:07:59,0.4875004590539392
2025-01-01 11:08:14,0.4789009934524432
2025-01-01 11:08:29,0.4692833589769387
2025-01-01 11:08:45,0.4660529441811102
2025-01-01 11:09:00,0.487106629348251
2025-01-01 11:09:15,0.5223409777164899
2025-01-01 11:09:30,0.4509909553309584
2025-01-01 11:09:45,0.5367674526404402
2025-01-01 11:10:00,0.4969905591684016
2025-01-01 11:10:15,0.5331677199919551
2025-01-01 11:10:30,
2025-01-01 11:10:46,0.4444514080226953
2025-01-01 11:11:01,0.4749593135901617
2025-01-01 11:11:16,0.4598052805972308
2025-01-01 11:11:31,0.5344035361488745
2025-01-01 11:11:46,0.5456661457097947
2025-01-01 11:12:01,0.4827194842936356
2025-01-01 11:12:16,0.5570683297816439
2025-01-01 11:12:31,0.4682965009324211
2025-01-01 11:12:46,0.4956304268442162
2025-01-01 11:13:01,0.4764350583469
2025-01-01 11:13:16,0.5063185329611029
2025-01-01 11:13:31,0.4783633186947822
2025-01-01 11:13:46,0.5279066479205696
2025-01-01 11:14:01,0.5197413271638898
2025-01-01 11:14:16,0.5228277620019821
2025-01-01 11:14:31,0.5241470490459539
2025-01-01 11:14:46,0.4491443160643605
2025-01-01 11:15:01,0.5145514330535494
2025-01-01 11:15:17,0.4311113169773544
2025-01-01 11:15:32,0.4836321102106515
2025-01-01 11:15:47,0.55166854050181
2025-01-01 11:16:03,0.4988719473148557
2025-01-01 11:16:18,0.5231893741597484
2025-01-01 11:16:33,0.5666126861693221
2025-01-01 11:16:48,0.4459445300410794
2025-01-01 11:17:03,0.4731256012422318
2025-01-01 11:17:18,0.508431288251666
2025-01-01 11:17:33,0.4967829700823953
2025-01-01 11:17:49,0.4859954785533092
2025-01-01 11:18:04,0.5456432668524211
2025-01-01 11:18:19,0.5489475834550275
2025-01-01 11:18:34,0.4708039799043436
2025-01-01 11:18:50,
2025-01-01 11:19:05,0.4163632771001629
2025-01-01 11:19:20,0.5281555454515124
2025-01-01 11:19:35,0.491799190371639
2025-01-01 11:19:50,0.4879671222094118
2025-01-01 11:20:05,0.5174755876224659
2025-01-01 11:20:20,0.4593653848261371
2025-01-01 11:20:35,0.50735598861498
2025-01-01 11:20:50,0.5291047002147414
2025-01-01 11:21:05,0.4859215647847462
2025-01-01 11:21:20,0.5694420843888842
2025-01-01 11:21:35,0.4927657532346268
2025-01-01 11:21:50,0.485092154766904
2025-01-01 11:22:05,0.4608390272689314
2025-01-01 11:22:20,0.4959546447135218
2025-01-01 11:22:35,0.4957246137719101
2025-01-01 11:22:50,0.4863760792227348
2025-01-01 11:23:06,0.4505829352851514
2025-01-01 11:23:21,0.5012637463887287
2025-01-01 11:23:36,0.4880749177368135
2025-01-01 11:23:51,0.4834347091064084
2025-01-01 11:24:06,0.4538665947563799
2025-01-01 11:24:22,0.460092933726041
2025-01-01 11:24:37,0.4867411970548854
2025-01-01 11:24:52,0.5237310060170739
2025-01-01 11:25:07,0.4426711284299239
2025-01-01 11:25:22,0.493316092418031
2025-01-01 11:25:37,0.4496294886734688
2025-01-01 11:25:52,0.5035701626096862
2025-01-01 11:26:07,0.4414661504909636
2025-01-01 11:26:22,0.494231362069723
2025-01-01 11:26:38,
2025-01-01 11:26:53,0.4984185742002126
2025-01-01 11:27:08,0.4449843292250013
2025-01-01 11:27:24,0.48762741208736
2025-01-01 11:27:39,0.4826671276675724
2025-01-01 11:27:54,0.4765669159796283
2025-01-01 11:28:09,0.4542989245849753
2025-01-01 11:28:24,0.4767317698020414
2025-01-01 11:28:39,0.442950850380893
2025-01-01 11:28:54,0.4744081612328577
2025-01-01 11:29:09,0.4858937597984835
2025-01-01 11:29:24,0.45373674517757
2025-01-01 11:29:39,0.4145260742120091
2025-01-01 11:29:54,0.4726867379471142
2025-01-01 11:30:09,0.4609557735779165
2025-01-01 11:30:24,
2025-01-01 11:30:39,0.4314345369776269
2025-01-01 11:30:54,0.4617312978891382
2025-01-01 11:31:09,0.4958511535473201
2025-01-01 11:31:24,0.4542336550866558
2025-01-01 11:31:40,0.432680017982581
2025-01-01 11:31:55,0.4346482939679845
2025-01-01 11:32:10,0.5245037926497891
2025-01-01 11:32:25,0.5338579101642319
2025-01-01 11:32:40,0.496274106122661
2025-01-01 11:32:55,0.4689132042451008
2025-01-01 11:33:10,0.5018019966492352
2025-01-01 11:33:25,0.4261756853774972
2025-01-01 11:33:40,0.4433645746107307
2025-01-01 11:33:55,0.4336333029911063
2025-01-01 11:34:10,0.483258324794508
2025-01-01 11:34:25,0.4345055363600957
2025-01-01 11:34:41,0.4668498262200195
2025-01-01 11:34:56,0.4819077709812643
2025-01-01 11:35:11,
2025-01-01 11:35:27,0.4650860939022916
2025-01-01 11:35:42,0.4780585362845767
2025-01-01 11:35:58,
2025-01-01 11:36:13,0.4885701739835537
2025-01-01 11:36:28,0.4284161238659579
2025-01-01 11:36:44,0.4579540466763774
2025-01-01 11:36:59,0.4230321313199616
2025-01-01 11:37:14,0.4318136341764774
2025-01-01 11:37:29,0.4548695132394587
2025-01-01 11:37:45,0.471963052778021
2025-01-01 11:38:00,0.4404857172558464
2025-01-01 11:38:15,0.4594603754973711
2025-01-01 11:38:30,0.4684181969095721
2025-01-01 11:38:45,0.4509988710453826
2025-01-01 11:39:00,0.4188613247456388
2025-01-01 11:39:15,0.4816406987875162
2025-01-01 11:39:30,0.4356121939200432
2025-01-01 11:39:45,0.4356050441311516
2025-01-01 11:40:00,0.4830281611461352
2025-01-01 11:40:15,0.4539504434069349
2025-01-01 11:40:30,0.4943992528738901
2025-01-01 11:40:45,0.475222861632955
2025-01-01 11:41:00,0.5028096891336491
2025-01-01 11:41:15,0.4449453578214767
2025-01-01 11:41:30,0.425173455061293
2025-01-01 11:41:45,0.4740034308374702
2025-01-01 11:42:00,0.4407301313369106
2025-01-01 11:42:15,0.4415607091207382
2025-01-01 11:42:30,0.4209125162776611
2025-01-01 11:42:45,
2025-01-01 11:43:00,0.5331319386060703
2025-01-01 11:43:16,0.4468957401699229
2025-01-01 11:43:31,0.4471044267796225
2025-01-01 11:43:47,0.4379730272984207
2025-01-01 11:44:02,0.4243348235869495
2025-01-01 11:44:17,0.449884112431836
2025-01-01 11:44:32,0.4845085110568308
2025-01-01 11:44:47,0.4496837480845058
2025-01-01 11:45:03,0.475481824579399
2025-01-01 11:45:18,0.4922881008205237
2025-01-01 11:45:33,0.426429567800671
2025-01-01 11:45:48,0.4363336135861734
2025-01-01 11:46:04,0.4398634161785054
2025-01-01 11:46:19,0.3574062363182922
2025-01-01 11:46:34,0.4740802160314153
2025-01-01 11:46:49,0.4424131404384206
2025-01-01 11:47:04,0.4584945491195814
2025-01-01 11:47:19,0.4344686467516155
2025-01-01 11:47:34,0.4360491380460146
2025-01-01 11:47:49,0.4647736653878528
2025-01-01 11:48:04,0.5024686784674526
2025-01-01 11:48:19,0.4613959166138671
2025-01-01 11:48:35,0.4551226837127267
2025-01-01 11:48:50,0.4221368052687132
2025-01-01 11:49:06,0.4572458151200421
2025-01-01 11:49:21,0.4663517977489508
2025-01-01 11:49:36,
2025-01-01 11:49:51,0.4787162305139814
2025-01-01 11:50:06,0.4713645814004763
2025-01-01 11:50:21,0.4916200553569748
2025-01-01 11:50:37,0.4145180308253147
2025-01-01 11:50:52,0.4399058560595698
2025-01-01 11:51:07,0.4320988864524597
2025-01-01 11:51:22,0.4400782839332832
2025-01-01 11:51:37,0.410793173935067
2025-01-01 11:51:53,0.4593134512279422
2025-01-01 11:52:08,0.4421222458737431
2025-01-01 11:52:23,0.4471976892720298
2025-01-01 11:52:38,0.4855820801442653
2025-01-01 11:52:53,0.4670066368294941
2025-01-01 11:53:08,0.4502999724017369
2025-01-01 11:53:23,0.4234917797309755
2025-01-01 11:53:38,0.4357423756882791
2025-01-01 11:53:53,0.4966939664527476
2025-01-01 11:54:08,0.4598995215973869
2025-01-01 11:54:23,0.4640907934100049
2025-01-01 11:54:38,0.559259375525978
2025-01-01 11:54:53,0.4809105968082092
2025-01-01 11:55:09,0.5287343926534891
2025-01-01 11:55:24,0.5584442712282777
2025-01-01 11:55:39,0.5183945315034113
2025-01-01 11:55:54,0.4989364226966716
2025-01-01 11:56:09,
2025-01-01 11:56:24,0.5386050914051626
2025-01-01 11:56:39,0.539520192029043
2025-01-01 11:56:54,0.4561481771309346
2025-01-01 11:57:10,0.5260439855600345
2025-01-01 11:57:25,0.5634223159867521
2025-01-01 11:57:41,0.492247973826128
2025-01-01 11:57:56,0.5244864296958992
2025-01-01 11:58:12,0.4971141173098179
2025-01-01 11:58:27,0.5004777298435212
2025-01-01 11:58:42,0.4587924685392258
2025-01-01 11:58:58,0.5097783285710391
2025-01-01 11:59:13,0.5072616050059614
2025-01-01 11:59:28,0.5041036231750158
2025-01-01 11:59:44,0.5574232063135695
2025-01-01 11:59:59,0.491700044890286
2025-01-01 12:00:14,0.5266554822232139
2025-01-01 12:00:29,0.5159147538909824
2025-01-01 12:00:45,0.4998259648765559
2025-01-01 12:01:00,0.5303102619897628
2025-01-01 12:01:15,0.4981627506443083
2025-01-01 12:01:30,0.5332321724792876
2025-01-01 12:01:45,0.5651291811533338
2025-01-01 12:02:00,0.5131819000910758
2025-01-01 12:02:15,
2025-01-01 12:02:30,0.5185951903391133
2025-01-01 12:02:45,0.5467827121937923
2025-01-01 12:03:00,0.5570581584504517
2025-01-01 12:03:15,0.5271751391382032
2025-01-01 12:03:30,0.5586421734042966
2025-01-01 12:03:45,0.5294831295633566
2025-01-01 12:04:01,0.4803094653747601
2025-01-01 12:04:16,0.4882796144764679
2025-01-01 12:04:31,0.5465018021064993
2025-01-01 12:04:46,0.487900507250962
2025-01-01 12:05:01,0.5494728266676918
2025-01-01 12:05:18,0.5415453290325315
2025-01-01 12:05:33,0.5161958762219959
2025-01-01 12:05:48,0.4974388662928629
2025-01-01 12:06:03,0.4889956306826558
2025-01-01 12:06:18,0.5577514866529429
2025-01-01 12:06:33,0.5548332571670004
2025-01-01 12:06:48,0.5662561842083437
2025-01-01 12:07:03,0.4809121280181167
2025-01-01 12:07:18,0.493348570559933
2025-01-01 12:07:33,0.5041235284504637
2025-01-01 12:07:49,0.5247073399691196
2025-01-01 12:08:05,0.5684548543587808
2025-01-01 12:08:21,0.542330358700185
2025-01-01 12:08:36,0.5305885874955146
2025-01-01 12:08:52,0.5750260904161797
2025-01-01 12:09:08,0.543923561894542
2025-01-01 12:09:24,
2025-01-01 12:09:39,0.5001558720529897
2025-01-01 12:09:55,0.5139395665252974
2025-01-01 12:10:11,0.5299346530137009
2025-01-01 12:10:26,0.5120535260567342
2025-01-01 12:10:41,0.5305092404725923
2025-01-01 12:10:56,0.5322043557426479
2025-01-01 12:11:11,0.541066750557164
2025-01-01 12:11:26,
2025-01-01 12:11:41,0.5016682793260668
2025-01-01 12:11:56,0.5242686010309517
2025-01-01 12:12:11,0.4919721698434382
2025-01-01 12:12:26,0.534052234163978
2025-01-01 12:12:42,0.5053646341092043
2025-01-01 12:12:57,0.5281816148206282
2025-01-01 12:13:12,0.5176833638999403
2025-01-01 12:13:27,0.4889939480588702
2025-01-01 12:13:43,0.4818960860026074
2025-01-01 12:13:58,0.5492243206036916
2025-01-01 12:14:13,
2025-01-01 12:14:28,0.4901010268260307
2025-01-01 12:14:43,
2025-01-01 12:14:58,0.5643020294185189
2025-01-01 12:15:13,0.5579948866598576
2025-01-01 12:15:28,0.5247645326289214
2025-01-01 12:15:44,0.5059746710330115
2025-01-01 12:15:59,0.5486472648470342
2025-01-01 12:16:14,
2025-01-01 12:16:29,0.5163564179141265
2025-01-01 12:16:44,0.5579625700426617
2025-01-01 12:16:59,0.517609164819084
2025-01-01 12:17:14,0.4673201143393105
2025-01-01 12:17:30,0.5509719519212007
2025-01-01 12:17:45,0.5037417147502952
2025-01-01 12:18:00,0.5079394737284444
2025-01-01 12:18:15,0.5368325301096615
2025-01-01 12:18:31,0.4759692091818194
2025-01-01 12:18:46,0.5347435213673346
2025-01-01 12:19:02,0.4684968242640061
2025-01-01 12:19:19,0.4860911953517444
2025-01-01 12:19:34,0.5619204513945194
2025-01-01 12:19:49,
2025-01-01 12:20:04,0.5609596718838681
2025-01-01 12:20:20,0.49774006331062
2025-01-01 12:20:35,
2025-01-01 12:20:52,0.4922092016625996
2025-01-01 12:21:07,0.482835778474181
2025-01-01 12:21:23,0.5759075297653978
2025-01-01 12:21:38,0.5616201925824003
2025-01-01 12:21:53,0.4779722154380829
2025-01-01 12:22:08,0.5198749780559746
2025-01-01 12:22:23,0.5573592309867691
2025-01-01 12:22:38,0.5541840453395483
2025-01-01 12:22:53,0.5408254370465119
2025-01-01 12:23:09,0.5247605067823188
2025-01-01 12:23:24,0.4924300998658412
2025-01-01 12:23:39,0.56938789741658
2025-01-01 12:23:55,0.5294921606662829
2025-01-01 12:24:10,0.5112566385198638
2025-01-01 12:24:25,0.5739622093794474
2025-01-01 12:24:40,0.5314249394702067
2025-01-01 12:24:55,0.5224218637721334
2025-01-01 12:25:10,0.4874517124910946
2025-01-01 12:25:25,0.5973398198228553
2025-01-01 12:25:40,0.5545018485466122
2025-01-01 12:25:55,0.5119360876451715
2025-01-01 12:26:10,0.5164822578993229
2025-01-01 12:26:25,0.5542980047259216
2025-01-01 12:26:40,0.5436926527329835
2025-01-01 12:26:55,0.520945802467858
2025-01-01 12:27:10,0.5247514713028489
2025-01-01 12:27:26,0.5592952874448491
2025-01-01 12:27:42,0.5680691219012366
2025-01-01 12:27:57,0.5053513721378041
2025-01-01 12:28:12,0.4974243580633901
2025-01-01 12:28:27,0.5116413041344064
2025-01-01 12:28:42,0.5571402423613967
2025-01-01 12:28:58,0.5354234763727986
2025-01-01 12:29:14,0.5063122510215721
2025-01-01 12:29:29,0.5290695728796184
2025-01-01 12:29:44,0.5679278221511744
2025-01-01 12:29:59,0.5214521526460489
2025-01-01 12:30:14,0.5589669004068558
2025-01-01 12:30:29,0.5545426356758402
2025-01-01 12:30:44,0.5548140035023783
2025-01-01 12:30:59,0.5672116210452414
2025-01-01 12:31:15,0.577204467181749
2025-01-01 12:31:30,0.5688378674922225
2025-01-01 12:31:45,0.4915028200857393
2025-01-01 12:32:00,0.5199238480143029
2025-01-01 12:32:16,0.5024185959501222
2025-01-01 12:32:31,0.5360179236754059
2025-01-01 12:32:46,0.4966402611342215
2025-01-01 12:33:01,
2025-01-01 12:33:16,0.5603397795442341
2025-01-01 12:33:31,0.527609319784842
2025-01-01 12:33:46,0.502322766961582
2025-01-01 12:34:02,0.5490651903436145
2025-01-01 12:34:17,0.5595728736826989
2025-01-01 12:34:32,0.5221205549314092
2025-01-01 12:34:47,0.518640447119902
2025-01-01 12:35:02,0.4968549966491107
2025-01-01 12:35:17,0.544032147475466
2025-01-01 12:35:32,0.5675054406601303
2025-01-01 12:35:47,
2025-01-01 12:36:02,0.5859429412211792
2025-01-01 12:36:18,0.5735775723061691
2025-01-01 12:36:33,0.5358270828272826
2025-01-01 12:36:48,0.5806011087313667
2025-01-01 12:37:03,0.5668407389841171
2025-01-01 12:37:18,0.5396757697386723
2025-01-01 12:37:33,0.5208868156334139
2025-01-01 12:37:49,0.4888328432011967
2025-01-01 12:38:05,0.5377344560671925
2025-01-01 12:38:20,
2025-01-01 12:38:35,0.5552064121654516
2025-01-01 12:38:52,0.5335120728557246
2025-01-01 12:39:07,0.5064811948132982
2025-01-01 12:39:22,0.5134639429918841
2025-01-01 12:39:37,0.5406762213533732
2025-01-01 12:39:52,0.5473685770340316
2025-01-01 12:40:08,0.5546139202696834
2025-01-01 12:40:23,0.5319497059934314
2025-01-01 12:40:39,0.5267194431859649
2025-01-01 12:40:54,0.5473917572345279
2025-01-01 12:41:09,0.5551785388194714
2025-01-01 12:41:24,0.5278446741532086
2025-01-01 12:41:39,0.5185377404874498
2025-01-01 12:41:54,0.5725898737675124
2025-01-01 12:42:09,0.514435783100791
2025-01-01 12:42:24,0.5144286747879698
2025-01-01 12:42:39,0.5357147504333691
2025-01-01 12:42:55,0.5882807345110147
2025-01-01 12:43:10,0.5428551456612017
2025-01-01 12:43:25,0.5350808907086422
2025-01-01 12:43:40,0.5267158818523822
2025-01-01 12:43:56,0.520559557506965
2025-01-01 12:44:11,0.5175935128663729
2025-01-01 12:44:26,0.499628609958292
2025-01-01 12:44:43,0.5075627438214607
2025-01-01 12:44:58,0.5424542541465359
2025-01-01 12:45:13,0.6035516011034369
2025-01-01 12:45:29,0.5644180141249612
2025-01-01 12:45:44,0.5630057855638357
2025-01-01 12:45:59,0.563932272639823
2025-01-01 12:46:14,0.5654227153131309
2025-01-01 12:46:30,0.6276168374352187
2025-01-01 12:46:45,0.5276687417230521
2025-01-01 12:47:00,0.5320460448439457
2025-01-01 12:47:16,0.5375893262600604
2025-01-01 12:47:31,0.5466825114917341
2025-01-01 12:47:47,0.576485920687736
2025-01-01 12:48:03,0.5884800480044844
2025-01-01 12:48:18,0.573029784119235
2025-01-01 12:48:33,0.557010468057045
2025-01-01 12:48:49,0.5739813705927894
2025-01-01 12:49:04,0.6119852678412532
2025-01-01 12:49:20,
2025-01-01 12:49:35,0.5449755564794672
2025-01-01 12:49:50,0.631205693093468
2025-01-01 12:50:05,0.495614538571651
2025-01-01 12:50:20,0.5049884669100233
2025-01-01 12:50:35,0.5357233529053621
2025-01-01 12:50:50,0.5109656570471857
2025-01-01 12:51:05,0.5455785391592871
2025-01-01 12:51:20,0.5719401099948213
2025-01-01 12:51:36,0.5498560028464627
2025-01-01 12:51:51,0.5441776771774308
2025-01-01 12:52:06,0.6153458720960951
2025-01-01 12:52:21,0.5381992998666605
2025-01-01 12:52:36,0.5716741037688341
2025-01-01 12:52:51,0.546374769155976
2025-01-01 12:53:06,0.5371102130473786
2025-01-01 12:53:21,0.5572039266899064
2025-01-01 12:53:36,0.4813981506807742
2025-01-01 12:53:51,0.5311920416146293
2025-01-01 12:54:06,0.5721446438093589
2025-01-01 12:54:21,
2025-01-01 12:54:36,0.5467747526918083
2025-01-01 12:54:51,0.5375421842246177
2025-01-01 12:55:06,0.578902824825791
2025-01-01 12:55:21,0.5475264208681254
2025-01-01 12:55:36,0.548826698365095
2025-01-01 12:55:51,0.5966594941166073
2025-01-01 12:56:06,0.5756820789014594
2025-01-01 12:56:21,0.5693749983927617
2025-01-01 12:56:37,0.5648909272593732
2025-01-01 12:56:52,0.610154091244528
2025-01-01 12:57:07,0.5584933982851316
2025-01-01 12:57:22,0.5681480097379918
2025-01-01 12:57:37,0.5405154895814689
2025-01-01 12:57:52,0.5625348133038359
2025-01-01 12:58:07,0.567086877360198
2025-01-01 12:58:22,0.5822787063222025
2025-01-01 12:58:37,0.557105997498836
2025-01-01 12:58:52,0.6058843139105782
2025-01-01 12:59:08,0.6218859023391375
2025-01-01 12:59:23,0.5796449823387438
2025-01-01 12:59:38,0.5860911330996853
2025-01-01 12:59:53,0.6230334509377407
2025-01-01 13:00:09,0.5512525383279814
2025-01-01 13:00:24,0.5593703531749673
2025-01-01 13:00:39,0.5459582393270087
2025-01-01 13:00:54,0.564150086975449
2025-01-01 13:01:09,0.5478096532033695
2025-01-01 13:01:24,0.5971338679678555
2025-01-01 13:01:39,0.58065470945077
2025-01-01 13:01:55,0.5436599849251442
2025-01-01 13:02:11,0.4864165537700247
2025-01-01 13:02:26,0.5120129046313094
2025-01-01 13:02:41,0.5224862482227012
2025-01-01 13:02:56,0.5691932423070738
2025-01-01 13:03:11,0.5771652102996083
2025-01-01 13:03:26,0.5993590451854318
2025-01-01 13:03:41,0.5532675125968975
2025-01-01 13:03:56,
2025-01-01 13:04:11,0.5132154943978482
2025-01-01 13:04:27,0.5785725692663142
2025-01-01 13:04:42,0.6063327159817002
2025-01-01 13:04:57,0.5494688703810106
2025-01-01 13:05:13,0.5686332913644228
2025-01-01 13:05:28,0.5901396140152644
2025-01-01 13:05:43,0.5654965222836774
2025-01-01 13:05:58,0.5720399746950438
2025-01-01 13:06:13,0.5686054654566501
2025-01-01 13:06:28,0.616537817256365
2025-01-01 13:06:43,0.5247522065307175
2025-01-01 13:06:58,0.6017749366141047
2025-01-01 13:07:13,
2025-01-01 13:07:28,0.6340133396825681
2025-01-01 13:07:43,0.5682684132862891
2025-01-01 13:07:59,0.5909507608930618
2025-01-01 13:08:14,0.5455106277340397
2025-01-01 13:08:29,0.614557900812957
2025-01-01 13:08:44,0.5994302493210463
2025-01-01 13:09:00,0.596712274693302
2025-01-01 13:09:16,0.6127878117488187
2025-01-01 13:09:31,0.5669635261924344
2025-01-01 13:09:46,0.6422644959857304
2025-01-01 13:10:01,0.5384907512304298
2025-01-01 13:10:16,0.6005665217689933
2025-01-01 13:10:31,0.5945338278244252
2025-01-01 13:10:46,0.6083844135793663
2025-01-01 13:11:01,0.5916020378808731
2025-01-01 13:11:16,0.61530996104761
2025-01-01 13:11:31,0.5771469570350021
2025-01-01 13:11:46,0.6139239491115007
2025-01-01 13:12:02,0.5494862035340302
2025-01-01 13:12:17,0.5442418034993348
2025-01-01 13:12:32,0.5809345564369606
2025-01-01 13:12:47,0.5745385708802223
2025-01-01 13:13:02,0.5570869981773277
2025-01-01 13:13:17,
2025-01-01 13:13:33,0.6250835844186224
2025-01-01 13:13:48,0.6550499130237458
2025-01-01 13:14:03,0.5810138529885414
2025-01-01 13:14:18,0.6604380850751865
2025-01-01 13:14:33,0.6263431778904733
2025-01-01 13:14:49,0.638051403132712
2025-01-01 13:15:04,0.6107769894649753
2025-01-01 13:15:19,0.617385138694353
2025-01-01 13:15:34,0.5366403614462618
2025-01-01 13:15:49,0.5744088704459279
2025-01-01 13:16:04,0.6266852528929294
2025-01-01 13:16:19,0.593136314651066
2025-01-01 13:16:34,0.6073474041624866
2025-01-01 13:16:49,0.5786832922145297
2025-01-01 13:17:05,0.5978728060689572
2025-01-01 13:17:20,
2025-01-01 13:17:35,0.622561171025569
2025-01-01 13:17:50,0.5972714400964859
2025-01-01 13:18:06,0.6245585196209569
2025-01-01 13:18:22,0.6157991259681607
2025-01-01 13:18:37,0.5835844204631606
2025-01-01 13:18:52,0.6363520277369277
2025-01-01 13:19:08,0.59610509151937
2025-01-01 13:19:23,0.6554966787059986
2025-01-01 13:19:38,0.6480023623390208
2025-01-01 13:19:53,0.647312163436603
2025-01-01 13:20:08,0.6032964324056981
2025-01-01 13:20:23,
2025-01-01 13:20:38,0.6611804272478814
2025-01-01 13:20:53,0.6797083843294918
2025-01-01 13:21:08,0.6136381003911675
2025-01-01 13:21:23,0.6283511571367654
2025-01-01 13:21:38,0.6234956441439731
2025-01-01 13:21:53,0.568560172956428
2025-01-01 13:22:08,
2025-01-01 13:22:24,0.6185883697079191
2025-01-01 13:22:39,0.6243644653399603
2025-01-01 13:22:54,0.6284319725903812
2025-01-01 13:23:09,0.6378207735766983
2025-01-01 13:23:24,0.6831228833348313
2025-01-01 13:23:39,0.6542459795567963
2025-01-01 13:23:55,0.6017951650020563
2025-01-01 13:24:10,0.5790313506809868
2025-01-01 13:24:25,0.6235196271848219
2025-01-01 13:24:40,0.6194974097903467
2025-01-01 13:24:55,0.6692403113806831
2025-01-01 13:25:10,0.6556056993784163
2025-01-01 13:25:25,0.6291782825944374
2025-01-01 13:25:40,0.5963500727227777
2025-01-01 13:25:55,0.6528459900379787
2025-01-01 13:26:10,0.6373823973059234
2025-01-01 13:26:25,0.6595649550370856
2025-01-01 13:26:40,0.6397328193900065
2025-01-01 13:26:55,0.6048601157151958
2025-01-01 13:27:10,0.6181278504276235
2025-01-01 13:27:25,0.6479339774684214
2025-01-01 13:27:41,0.5279752230716563
2025-01-01 13:27:56,0.4803861428813195
2025-01-01 13:28:11,0.4930971224059848
2025-01-01 13:28:26,0.4260211309772657
2025-01-01 13:28:41,
2025-01-01 13:28:56,0.4730233474797244
2025-01-01 13:29:11,0.4243261621300155
2025-01-01 13:29:26,0.4751310510151137
2025-01-01 13:29:41,0.4384748700398964
2025-01-01 13:29:56,0.4833461855870472
2025-01-01 13:30:11,0.4272327152889703
2025-01-01 13:30:27,0.4807341276056575
2025-01-01 13:30:42,0.5138507728371008
2025-01-01 13:30:57,0.4660466608358476
2025-01-01 13:31:12,0.4962005416305709
2025-01-01 13:31:27,0.4275069799073953
2025-01-01 13:31:42,0.4581242099807094
2025-01-01 13:31:57,0.4308053123624299
2025-01-01 13:32:12,0.4890928250208886
2025-01-01 13:32:27,0.4949711557955554
2025-01-01 13:32:42,0.4811491184957325
2025-01-01 13:32:57,0.527182911607134
2025-01-01 13:33:13,0.5177610045728831
2025-01-01 13:33:28,0.5194901519775228
2025-01-01 13:33:43,
2025-01-01 13:33:58,0.4792817248493899
2025-01-01 13:34:14,0.5227190499844385
2025-01-01 13:34:29,0.4983935272089772
2025-01-01 13:34:44,0.474355601496457
2025-01-01 13:34:59,0.4693604162448818
2025-01-01 13:35:14,0.5205765062163801
2025-01-01 13:35:30,0.5164501924973532
2025-01-01 13:35:45,0.4690557655710385
2025-01-01 13:36:01,0.5289533611348656
2025-01-01 13:36:16,0.5057697632452786
2025-01-01 13:36:31,0.5254358941242487
2025-01-01 13:36:46,0.5431066871706374
2025-01-01 13:37:02,0.4762224613541939
2025-01-01 13:37:17,
2025-01-01 13:37:32,0.532988126774286
2025-01-01 13:37:47,0.4812862920121628
2025-01-01 13:38:02,0.5194193390653443
2025-01-01 13:38:17,0.5006182064984487
2025-01-01 13:38:32,0.5126090358164805
2025-01-01 13:38:47,0.5099830708991879
2025-01-01 13:39:02,0.5360940801230908
2025-01-01 13:39:17,0.5532236084709097
2025-01-01 13:39:32,0.56496570081334
2025-01-01 13:39:47,0.5575945614840041
2025-01-01 13:40:04,0.5015638446264635
2025-01-01 13:40:19,0.5526219388555696
2025-01-01 13:40:34,0.490804730236752
2025-01-01 13:40:49,0.5266520443428437
2025-01-01 13:41:04,0.5648586041332462
2025-01-01 13:41:19,0.5149750165418213
2025-01-01 13:41:34,0.5179735122761202
2025-01-01 13:41:49,0.4804852762773364
2025-01-01 13:42:04,
2025-01-01 13:42:19,0.5016933903428473
2025-01-01 13:44:07,0.5288359173889694
2025-01-01 14:01:36,0.59339052322708
2025-01-01 14:17:45,0.6066472804240164
2025-01-01 14:28:43,0.6838726460059628
2025-01-01 14:46:22,0.6971651853543486
2025-01-01 14:52:36,0.7033467610011215
2025-01-01 15:04:11,0.6831884340765637
2025-01-01 15:14:42,0.7430814618607837
2025-01-01 15:27:11,0.7159548731550831
2025-01-01 15:35:28,0.7539514995194576
2025-01-01 15:49:47,0.7389495438530198
2025-01-01 16:04:59,0.7182904018663177
2025-01-01 16:05:14,0.7567279542927479
2025-01-01 16:05:29,0.7443008261255437
2025-01-01 16:05:44,0.7538917560242937
2025-01-01 16:05:59,0.7531456405839756
2025-01-01 16:06:14,0.7041287486952497
2025-01-01 16:06:29,0.7786285561946034
2025-01-01 16:06:44,0.7513168302013462
2025-01-01 16:06:59,0.7679824121426764
2025-01-01 16:07:14,0.7960441754546483
2025-01-01 16:07:29,0.7477155367950672
2025-01-01 16:07:44,0.7506664268831833
2025-01-01 16:07:59,
2025-01-01 16:08:15,0.6944573650690482
2025-01-01 16:08:30,0.759518950517281
2025-01-01 16:08:46,0.7434680741272635
2025-01-01 16:09:01,0.807328090463733
2025-01-01 16:09:17,0.7552628514850639
2025-01-01 16:09:32,0.7090379468158061
2025-01-01 16:09:47,0.7490168534567192
2025-01-01 16:10:02,0.7041512597222301
2025-01-01 16:10:17,0.7171990331216973
2025-01-01 16:10:32,0.7438874242463078
2025-01-01 16:10:47,0.787113021069141
2025-01-01 16:11:02,0.7517978949764177
2025-01-01 16:11:17,0.7368559929927692
2025-01-01 16:11:32,0.7953791329538082
2025-01-01 16:11:48,0.76650946712379
2025-01-01 16:12:03,0.7460937046416232
2025-01-01 16:12:18,0.7735986009607043
2025-01-01 16:12:33,0.7459877979784022
2025-01-01 16:12:48,0.7072555117264774
2025-01-01 16:13:04,0.7477249239593169
2025-01-01 16:13:19,0.8128091665708785
2025-01-01 16:13:34,0.7323736026253449
2025-01-01 16:13:49,0.727208516549753
2025-01-01 16:14:04,0.712924756720376
2025-01-01 16:14:19,0.726191869687685
2025-01-01 16:14:34,0.7316021418184824
2025-01-01 16:14:49,0.6689004275509685
2025-01-01 16:15:04,0.7140456335012719
2025-01-01 16:15:20,0.7373014693261319
2025-01-01 16:15:35,0.7616974625201938
2025-01-01 16:15:50,0.7183667681657466
2025-01-01 16:16:05,0.6544064918494799
2025-01-01 16:16:21,0.7604661190999062
2025-01-01 16:16:36,0.7775736132512043
2025-01-01 16:16:51,0.7413044107040285
2025-01-01 16:17:06,0.767330064359667
2025-01-01 16:17:21,
2025-01-01 16:17:36,0.7848947899433139
2025-01-01 16:17:51,
2025-01-01 16:18:06,0.7437731902535187
2025-01-01 16:18:21,0.7273161147450184
2025-01-01 16:18:36,0.7456789314953187
2025-01-01 16:18:51,0.7326066575516808
2025-01-01 16:19:06,0.7149430428376164
2025-01-01 16:19:21,0.7473850895350951
2025-01-01 16:19:36,0.7103315263422765
2025-01-01 16:19:51,0.7880790844901382
2025-01-01 16:20:06,0.773814599748359
2025-01-01 16:20:21,0.7396335331976283
2025-01-01 16:20:36,0.7339340053983445
2025-01-01 16:20:51,0.756804912632725
2025-01-01 16:21:07,0.7701827424292742
2025-01-01 16:21:22,0.6899931945433171
2025-01-01 16:21:37,0.7312808259743973
2025-01-01 16:21:53,0.6929683073781441
2025-01-01 16:22:08,0.7290795483887951
2025-01-01 16:22:23,0.7617627192400902
2025-01-01 16:22:38,0.7054270554743522
2025-01-01 16:22:53,0.7023844587635135
2025-01-01 16:23:08,0.7568922314542494
2025-01-01 16:23:23,
2025-01-01 16:23:39,0.7551877232564064
2025-01-01 16:23:54,0.7163165864891248
2025-01-01 16:24:10,0.7668977522940343
2025-01-01 16:24:25,0.7436868030352113
2025-01-01 16:24:41,0.7275058800665246
2025-01-01 16:24:56,0.7920201391347519
2025-01-01 16:25:11,0.702426350027008
2025-01-01 16:25:27,0.7314752496968673
2025-01-01 16:25:42,0.7037606981203537
2025-01-01 16:25:57,0.7454419634413816
2025-01-01 16:26:12,0.7053250436320591
2025-01-01 16:26:27,0.7115182994201925
2025-01-01 16:26:42,0.7081204237790351
2025-01-01 16:26:58,0.7308659545839085
2025-01-01 16:27:13,0.776621353207027
2025-01-01 16:27:28,0.734682873515973
2025-01-01 16:27:43,0.739727352733683
2025-01-01 16:27:58,0.6998456162878468
2025-01-01 16:28:13,0.7486915128176437
2025-01-01 16:28:29,0.702016531855616
2025-01-01 16:28:44,0.7397160185733578
2025-01-01 16:28:59,0.7652083998074579
2025-01-01 16:29:14,0.6720998305698029
2025-01-01 16:29:29,0.7903543088142575
2025-01-01 16:29:45,0.7213955613796759
2025-01-01 16:30:00,
2025-01-01 16:30:16,0.6869397103770003
2025-01-01 16:30:31,0.7959509635221809
2025-01-01 16:30:46,0.7903170928602821
2025-01-01 16:31:01,0.7456078290913934
2025-01-01 16:31:16,0.7488660533085969
2025-01-01 16:31:31,0.7622147254884075
2025-01-01 16:31:46,0.7195353678345664
2025-01-01 16:32:01,
2025-01-01 16:32:17,0.7384342539253426
2025-01-01 16:32:32,0.6850844018812954
2025-01-01 16:32:47,0.7573963306688634
2025-01-01 16:33:03,0.7122684604204144
2025-01-01 16:33:18,0.7184161934221354
2025-01-01 16:33:34,0.7368796668813469
2025-01-01 16:33:49,0.7438230518033346
2025-01-01 16:34:04,0.7173031385532407
2025-01-01 16:34:19,0.7388747442293049
2025-01-01 16:34:34,0.7169587059031712
2025-01-01 16:34:49,
2025-01-01 16:35:04,0.734884375906065
2025-01-01 16:35:19,0.7134400191365979
2025-01-01 16:35:35,0.6871523989858159
2025-01-01 16:35:50,0.6980442420669748
2025-01-01 16:36:05,0.7029919521340491
2025-01-01 16:36:20,0.7214977525478565
2025-01-01 16:36:35,0.6604313302112061
2025-01-01 16:36:51,0.7248323152850653
2025-01-01 16:37:07,0.7123364598878206
2025-01-01 16:37:22,0.70230794335215
2025-01-01 16:37:37,0.7501936809225345
2025-01-01 16:37:53,
2025-01-01 16:38:09,0.7288797620602945
2025-01-01 16:38:24,0.6948730266122611
2025-01-01 16:38:39,0.7138014167159352
2025-01-01 16:38:55,0.7196502150787212
2025-01-01 16:39:10,0.7584976516328519
2025-01-01 16:39:25,0.7349148277098669
2025-01-01 16:39:40,0.7366248791897811
2025-01-01 16:39:55,0.7476604481422351
2025-01-01 16:40:10,0.7311939220272439
2025-01-01 16:40:25,0.7359776663775874
2025-01-01 16:40:40,0.7057945045878302
2025-01-01 16:40:56,0.7107176864676408
2025-01-01 16:41:12,0.6926388766781375
2025-01-01 16:41:27,0.6525899113363196
2025-01-01 16:41:42,0.6863716217596019
2025-01-01 16:41:57,0.762004982148355
2025-01-01 16:42:12,0.6850623971581338
2025-01-01 16:42:29,0.727626846058258
2025-01-01 16:42:44,0.7312364534587519
2025-01-01 16:43:00,0.7054962476663731
2025-01-01 16:43:15,0.7176943817976595
2025-01-01 16:43:30,0.7316081768085889
2025-01-01 16:43:45,0.7447521863440769
2025-01-01 16:44:00,0.7045290323309006
2025-01-01 16:44:15,0.7398541509897731
2025-01-01 16:44:30,0.700467706080955
2025-01-01 16:44:45,0.708093279179373
2025-01-01 16:45:00,0.67594523397733
2025-01-01 16:45:15,0.6789968093879943
2025-01-01 16:45:30,0.7098782431507216
2025-01-01 16:45:45,0.7304017488189749
2025-01-01 16:46:00,0.7169802737262962
2025-01-01 16:46:15,0.7041889123116027
2025-01-01 16:46:30,0.6579856224964062
2025-01-01 16:46:45,0.6907886539758892
2025-01-01 16:47:01,0.7112179340801987
2025-01-01 16:47:16,0.6971916222918835
2025-01-01 16:47:31,0.6346459307104357
2025-01-01 16:47:46,0.7611426683733167
2025-01-01 16:48:01,0.7004617178620283
2025-01-01 16:48:16,0.7076540820127419
2025-01-01 16:48:32,0.7054453046157017
2025-01-01 16:48:48,0.6833113157465986
2025-01-01 16:49:04,0.6915060309190142
2025-01-01 16:49:20,0.7023522436460554
2025-01-01 16:49:35,0.7047674903982877
2025-01-01 16:49:50,
2025-01-01 16:50:05,
2025-01-01 16:50:20,0.6824687778057887
2025-01-01 16:50:35,0.7091074410865088
2025-01-01 16:50:50,0.6929357043833779
2025-01-01 16:51:06,0.7116852608717392
2025-01-01 16:51:21,0.7051562578581567
2025-01-01 16:51:36,0.7596678980699689
2025-01-01 16:51:51,0.6585912310714981
2025-01-01 16:52:06,0.7333860572374329
2025-01-01 16:52:21,0.7396892993196222
2025-01-01 16:52:36,0.7021822818238563
2025-01-01 16:52:51,0.7045092279459624
2025-01-01 16:53:06,0.6859529288139636
2025-01-01 16:53:21,0.663339753754074
2025-01-01 16:53:36,0.646164015464704
2025-01-01 16:53:51,0.6442272132512759
2025-01-01 16:54:07,0.626435774468373
2025-01-01 16:54:22,0.5960474713708035
2025-01-01 16:54:37,0.6093915554926284
2025-01-01 16:54:52,0.596186894534598
2025-01-01 16:55:07,0.6724309972138149
2025-01-01 16:55:22,0.6535096265841247
2025-01-01 16:55:37,0.5439543346895811
2025-01-01 16:55:53,0.595937205761343
2025-01-01 16:56:08,0.6008375509011517
2025-01-01 16:56:23,0.6162387952114551
2025-01-01 16:56:38,
2025-01-01 16:56:53,0.5904077548723095
2025-01-01 16:57:08,0.6685331906974717
2025-01-01 16:57:24,0.5831167509295813
2025-01-01 16:57:39,0.5765620535644899
2025-01-01 16:57:54,0.6964594526316287
2025-01-01 16:58:09,0.640728753627593
2025-01-01 16:58:24,0.5825066475342305
2025-01-01 16:58:39,0.6669840768342825
2025-01-01 16:58:54,0.6129160982972301
2025-01-01 16:59:09,0.6758305152487767
2025-01-01 16:59:24,0.6734972872644558
2025-01-01 16:59:39,0.6604504094761053
2025-01-01 16:59:55,0.6690005610347666
2025-01-01 17:00:10,0.6560424204144016
2025-01-01 17:00:25,0.6292328814984507
2025-01-01 17:00:40,0.6499016292854123
2025-01-01 17:00:55,0.6360747779604616
2025-01-01 17:01:10,0.6416282149525936
2025-01-01 17:01:25,0.6047542583625235
2025-01-01 17:01:40,0.6054123196025292
2025-01-01 17:01:55,0.5719889522948177
2025-01-01 17:02:10,0.6285499329012094
2025-01-01 17:02:25,0.6019646456013854
2025-01-01 17:02:40,0.6573079218242635
2025-01-01 17:02:57,0.6269883889888497
2025-01-01 17:03:12,0.6298735700189185
2025-01-01 17:03:27,0.6749104494093392
2025-01-01 17:03:42,0.5908486908137754
2025-01-01 17:03:57,0.5885607676341653
2025-01-01 17:04:12,0.6025840675669569
2025-01-01 17:04:28,0.5757138053781564
2025-01-01 17:04:43,0.5747776701873055
2025-01-01 17:04:58,0.6204371454857576
2025-01-01 17:05:14,0.6439373986274785
2025-01-01 17:05:29,0.6141849674568068
2025-01-01 17:05:44,0.5858944623331542
2025-01-01 17:05:59,0.6263276897758259
2025-01-01 17:06:14,0.5967342032687204
2025-01-01 17:06:29,0.6325765219429688
2025-01-01 17:06:44,
2025-01-01 17:06:59,0.5772157628492531
2025-01-01 17:07:15,0.5703585267649408
2025-01-01 17:07:30,0.6346661562060283
2025-01-01 17:07:45,0.5345869038235507
2025-01-01 17:08:00,0.5539153707756099
2025-01-01 17:08:15,0.5872500033027982
2025-01-01 17:08:30,0.5753612330787747
2025-01-01 17:08:45,0.6033756784242821
2025-01-01 17:09:01,0.6118245239758997
2025-01-01 17:09:16,0.6146481827653367
2025-01-01 17:09:31,0.5951889721338472
2025-01-01 17:09:46,0.6162693122261939
2025-01-01 17:10:03,0.6193663171186906
2025-01-01 17:10:18,
2025-01-01 17:10:33,0.6022342642452033
2025-01-01 17:10:48,0.5810389101199361
2025-01-01 17:11:04,0.6162766381699613
2025-01-01 17:11:19,0.592769580188765
2025-01-01 17:11:34,0.583655916110974
2025-01-01 17:11:49,0.6025811165058755
2025-01-01 17:12:04,0.6033690977708106
2025-01-01 17:12:19,0.5517640776250302
2025-01-01 17:12:35,0.623215377193839
2025-01-01 17:12:50,
2025-01-01 17:13:05,0.6226311765014869
2025-01-01 17:13:20,0.5953795371529079
2025-01-01 17:13:35,0.6516955088047305
2025-01-01 17:13:51,0.5627097822223385
2025-01-01 17:14:06,0.5492168611766114
2025-01-01 17:14:21,0.5728893307904104
2025-01-01 17:14:36,0.5765039903638962
2025-01-01 17:14:51,0.5863355662542507
2025-01-01 17:15:07,0.5552531314770763
2025-01-01 17:15:22,0.5655298840598753
2025-01-01 17:15:37,0.5851024996164422
2025-01-01 17:15:52,0.5529120121812595
2025-01-01 17:16:07,0.5676886145461595
2025-01-01 17:16:22,0.6124678268213767
2025-01-01 17:16:37,0.5962624345166243
2025-01-01 17:16:52,0.5760185243450942
2025-01-01 17:17:07,0.5566712288760741
2025-01-01 17:17:23,0.5470230636370683
2025-01-01 17:17:38,0.6229467939759948
2025-01-01 17:17:53,0.5269347057515065
2025-01-01 17:18:08,0.5500605700253096
2025-01-01 17:18:24,0.5728613756179515
2025-01-01 17:18:39,0.5541893418740843
2025-01-01 17:18:54,0.5957434021567226
2025-01-01 17:19:09,
2025-01-01 17:19:24,0.5972240317252883
2025-01-01 17:19:39,0.5725489046942669
2025-01-01 17:19:54,0.5786340033961527
2025-01-01 17:20:09,0.5690647695880464
2025-01-01 17:20:24,0.5251657748307915
2025-01-01 17:20:39,0.5700278597761854
2025-01-01 17:20:54,0.5833892211014035
2025-01-01 17:21:09,0.562201871270734
2025-01-01 17:21:24,0.5824877137746939
2025-01-01 17:21:40,0.557511508664237
2025-01-01 17:21:55,0.5849200944295666
2025-01-01 17:22:10,0.5375817840602647
2025-01-01 17:22:25,0.5550410626680248
2025-01-01 17:22:40,
2025-01-01 17:22:55,0.6105706958570966
2025-01-01 17:23:10,0.5496949761702625
2025-01-01 17:23:25,0.5714818619866847
2025-01-01 17:23:40,0.5777745691431432
2025-01-01 17:23:55,0.5806576787634398
2025-01-01 17:24:10,0.5826953208785108
2025-01-01 17:24:25,0.519975655504305
2025-01-01 17:24:40,0.523873404597694
2025-01-01 17:24:56,0.5238324837136911
2025-01-01 17:25:11,0.619217753379052
2025-01-01 17:25:26,0.5559159903912319
2025-01-01 17:25:41,0.5487731077907072
2025-01-01 17:25:56,0.5537350503708415
2025-01-01 17:26:11,0.5548901315778101
2025-01-01 17:26:26,0.51126100846776
2025-01-01 17:26:41,0.5422145424369494
2025-01-01 17:26:56,0.4952665578511819
2025-01-01 17:27:11,0.5685888326129314
2025-01-01 17:27:26,0.5040973866232608
2025-01-01 17:27:41,0.5112745627738875
2025-01-01 17:27:56,0.60808049773713
2025-01-01 17:28:11,0.5199315124116632
2025-01-01 17:28:26,0.5458755199563238
2025-01-01 17:28:41,0.5676861099873769
2025-01-01 17:28:56,0.5064471542177005
2025-01-01 17:29:11,0.5307155296884993
2025-01-01 17:29:26,0.5629574650550555
2025-01-01 17:29:41,
2025-01-01 17:29:56,0.558605331481901
2025-01-01 17:30:11,0.5242850002459899
2025-01-01 17:30:26,0.6282906246076284
2025-01-01 17:30:41,0.5678736043261859
2025-01-01 17:30:58,0.5625148401440503
2025-01-01 17:31:13,0.5283412542826145
2025-01-01 17:31:28,0.5493771858240339
2025-01-01 17:31:43,0.5428646088650265
2025-01-01 17:31:59,0.5328313130538866
2025-01-01 17:32:14,0.5333299836678328
2025-01-01 17:32:29,0.5145937911543976
2025-01-01 17:32:44,0.4724774396798632
2025-01-01 17:32:59,0.5301374109113294
2025-01-01 17:33:14,
2025-01-01 17:33:30,0.5216200507210987
2025-01-01 17:33:45,0.4989223107302997
2025-01-01 17:34:01,0.5506583217917795
2025-01-01 17:34:16,0.5011215045881711
2025-01-01 17:34:31,
2025-01-01 17:34:46,0.5572847708483843
2025-01-01 17:35:01,0.5445571697770647
2025-01-01 17:35:16,0.5322809588948874
2025-01-01 17:35:31,0.5154263060084465
2025-01-01 17:35:46,0.521159565489915
2025-01-01 17:36:02,0.5467628220758267
2025-01-01 17:36:17,0.5745799280822004
2025-01-01 17:36:32,0.4916278202396009
2025-01-01 17:36:48,0.521073817000299
2025-01-01 17:37:03,0.5113074887381378
2025-01-01 17:37:13,0.5113074887381378
